s,m,C
Time,"Vis_HeadHeight","Temp_Ceiling"
 0.0000000E+000, 3.0000000E+001, 2.0000000E+001
 3.6873047E-001, 3.0000000E+001, 2.0000003E+001
 6.4527833E-001, 3.0000000E+001, 2.0000012E+001
 9.2182618E-001, 3.0000000E+001, 2.0000045E+001
 1.2777433E+000, 3.0000000E+001, 2.0000290E+001
 1.5210778E+000, 3.0000000E+001, 2.0000809E+001
 1.8122037E+000, 3.0000000E+001, 2.0001672E+001
 2.1131122E+000, 3.0000000E+001, 2.0003458E+001
 2.4140208E+000, 6.4515482E+000, 2.0005549E+001
 2.7115940E+000, 1.6468882E+000, 2.0007638E+001
 3.0054137E+000, 1.3250914E+000, 2.1081797E+001
 3.3218349E+000, 8.7993403E-001, 6.1905580E+001
 3.6177088E+000, 8.0995861E-001, 6.6965710E+001
 3.9163251E+000, 7.4412641E-001, 7.7503758E+001
 4.2055320E+000, 7.0561120E-001, 8.2052466E+001
 4.5140193E+000, 6.6795650E-001, 9.9573277E+001
 4.8032262E+000, 6.6677228E-001, 1.0108146E+002
 5.1117135E+000, 6.5477236E-001, 9.9464895E+001
 5.4009204E+000, 6.1964135E-001, 1.0896894E+002
 5.7152505E+000, 6.3466436E-001, 1.1305344E+002
 6.0113665E+000, 6.5903600E-001, 1.1687476E+002
 6.3095060E+000, 6.2486959E-001, 1.0364408E+002
 6.6068862E+000, 6.4851816E-001, 1.0944614E+002
 6.9130559E+000, 6.3790542E-001, 1.1641379E+002
 7.2031114E+000, 7.0339078E-001, 1.0386761E+002
 7.5015067E+000, 8.0666668E-001, 1.1083591E+002
 7.8090081E+000, 7.0039023E-001, 1.0769569E+002
 8.1098074E+000, 7.6026355E-001, 1.1164526E+002
 8.4110279E+000, 7.1457364E-001, 1.0582680E+002
 8.7081410E+000, 7.9795328E-001, 9.9783519E+001
 9.0061022E+000, 7.7943330E-001, 7.5185235E+001
 9.3015922E+000, 6.7736460E-001, 1.1480661E+002
 9.6131770E+000, 5.5461531E-001, 1.1233552E+002
 9.9067199E+000, 5.1372569E-001, 9.6441382E+001
 1.0204524E+001, 5.3511941E-001, 1.4238261E+002
 1.0503767E+001, 5.2770472E-001, 1.3486344E+002
 1.0807708E+001, 4.7029019E-001, 1.4332708E+002
 1.1100530E+001, 5.6645217E-001, 1.5603496E+002
 1.1403956E+001, 5.0587027E-001, 1.5376131E+002
 1.1704265E+001, 6.6384038E-001, 1.6767999E+002
 1.2005581E+001, 8.6278151E-001, 1.3786759E+002
 1.2306896E+001, 4.7622194E-001, 1.3049336E+002
 1.2603098E+001, 6.5151129E-001, 1.6861119E+002
 1.2908884E+001, 1.3275513E+000, 1.4723139E+002
 1.3206437E+001, 6.8159002E-001, 1.2338898E+002
 1.3502610E+001, 6.2018180E-001, 1.5694216E+002
 1.3812365E+001, 1.1193409E+000, 1.4595564E+002
 1.4111907E+001, 2.1145116E+000, 1.4031535E+002
 1.4405751E+001, 6.9045273E-001, 1.2350625E+002
 1.4709604E+001, 9.0590704E-001, 1.8121837E+002
 1.5005157E+001, 1.6867575E+000, 1.7354731E+002
 1.5308127E+001, 1.0102332E+000, 1.5814163E+002
 1.5602567E+001, 7.5678771E-001, 1.7449000E+002
 1.5907914E+001, 9.2723644E-001, 1.5779001E+002
 1.6208126E+001, 2.1053268E+000, 1.8556826E+002
 1.6508784E+001, 1.4675451E+000, 1.4767864E+002
 1.6804029E+001, 1.4328841E+000, 1.5661068E+002
 1.7109819E+001, 4.9779438E+000, 1.2524175E+002
 1.7407529E+001, 5.0849529E+000, 1.3259559E+002
 1.7706236E+001, 7.9162030E-001, 1.5611824E+002
 1.8003938E+001, 1.8782620E+000, 1.2115324E+002
 1.8307254E+001, 5.4209074E+000, 2.0274609E+002
 1.8605529E+001, 1.6430632E+000, 1.7114945E+002
 1.8904568E+001, 1.0130496E+000, 1.4642195E+002
 1.9210826E+001, 1.7888673E+000, 1.5534101E+002
 1.9510537E+001, 3.6376815E+000, 1.3669447E+002
 1.9805745E+001, 1.0596336E+001, 1.9660446E+002
 2.0107317E+001, 8.3324556E-001, 1.6615440E+002
 2.0405308E+001, 1.1105542E+000, 1.6157630E+002
 2.0710318E+001, 2.1084908E+000, 1.4591783E+002
 2.1011994E+001, 4.3442845E+000, 1.3866953E+002
 2.1300300E+001, 1.1791020E+000, 1.0273245E+002
 2.1601250E+001, 8.8982893E-001, 1.1191851E+002
 2.1908930E+001, 1.4642530E+000, 1.4955500E+002
 2.2202892E+001, 1.8024544E+000, 1.1932344E+002
 2.2504359E+001, 5.4443707E-001, 1.4390393E+002
 2.2805969E+001, 1.0398350E+000, 1.6150335E+002
 2.3107579E+001, 1.9044032E+000, 1.5890313E+002
 2.3403126E+001, 1.8142697E+000, 2.1506004E+002
 2.3701363E+001, 8.7361842E-001, 1.5929327E+002
 2.4001642E+001, 5.4709272E-001, 1.9105452E+002
 2.4302330E+001, 9.9498612E-001, 2.0949061E+002
 2.4600109E+001, 2.1411222E+000, 2.3500147E+002
 2.4903308E+001, 1.8085095E+000, 1.8161366E+002
 2.5202783E+001, 1.1413563E+000, 2.4047964E+002
 2.5505829E+001, 1.3703765E+000, 2.0279271E+002
 2.5802031E+001, 5.6438480E-001, 1.8847559E+002
 2.6105273E+001, 1.1923493E+000, 1.7301122E+002
 2.6405475E+001, 1.2223983E+000, 2.0058276E+002
 2.6700415E+001, 6.1835156E-001, 2.0600553E+002
 2.7005893E+001, 6.8787125E-001, 2.4865325E+002
 2.7309049E+001, 7.6480162E-001, 1.8512081E+002
 2.7606813E+001, 4.3233531E-001, 2.2067203E+002
 2.7908246E+001, 6.8390214E-001, 2.9644247E+002
 2.8209017E+001, 6.9186161E-001, 1.8756472E+002
 2.8506123E+001, 1.1006505E+000, 2.5288013E+002
 2.8804850E+001, 5.3868514E-001, 2.1567968E+002
 2.9107970E+001, 5.1807148E-001, 2.6715527E+002
 2.9404784E+001, 1.3641724E+000, 2.5987833E+002
 2.9702461E+001, 5.8035212E-001, 1.5777232E+002
 3.0005498E+001, 5.2277394E-001, 2.0561866E+002
 3.0307979E+001, 6.8584230E-001, 1.9308656E+002
 3.0608595E+001, 5.0564313E-001, 2.8351334E+002
 3.0901988E+001, 7.5806104E-001, 2.1948904E+002
 3.1207099E+001, 2.3550433E+000, 2.3689002E+002
 3.1501693E+001, 1.5714432E+000, 2.3045414E+002
 3.1806679E+001, 3.9157063E-001, 2.3416581E+002
 3.2107697E+001, 5.4847539E-001, 3.1211834E+002
 3.2402153E+001, 5.6200869E-001, 2.5477524E+002
 3.2704459E+001, 1.4226458E+000, 2.4512292E+002
 3.3008175E+001, 4.2217650E+000, 2.8006205E+002
 3.3306180E+001, 6.1418681E-001, 2.2168236E+002
 3.3603386E+001, 6.8972888E-001, 2.0227453E+002
 3.3904923E+001, 1.2876862E+000, 2.1311149E+002
 3.4205579E+001, 6.3457007E-001, 1.4356115E+002
 3.4501036E+001, 3.6325981E-001, 1.9112432E+002
 3.4806655E+001, 4.9780983E-001, 2.9194959E+002
 3.5104665E+001, 4.7810885E-001, 2.1932441E+002
 3.5401366E+001, 1.4854043E+000, 2.4054936E+002
 3.5707192E+001, 4.8671877E-001, 2.3561902E+002
 3.6006640E+001, 2.1478411E+000, 3.2961746E+002
 3.6303517E+001, 1.7825408E+000, 1.8312974E+002
 3.6602794E+001, 5.5137379E-001, 2.0593310E+002
 3.6900733E+001, 7.3393010E-001, 3.1036851E+002
 3.7203489E+001, 1.0507132E+000, 2.5748804E+002
 3.7508251E+001, 1.4063445E+000, 2.7781112E+002
 3.7808526E+001, 1.0381334E+000, 2.3510498E+002
 3.8105841E+001, 4.2058960E-001, 2.4336022E+002
 3.8406173E+001, 1.5018721E+000, 2.1934518E+002
 3.8700441E+001, 1.6847179E+000, 2.3243629E+002
 3.9002025E+001, 3.9480179E-001, 2.1897023E+002
 3.9301857E+001, 1.0855218E+000, 2.6783488E+002
 3.9600816E+001, 1.5320699E+000, 2.1781229E+002
 3.9901542E+001, 5.8180983E-001, 1.9718485E+002
 4.0207124E+001, 5.7844178E-001, 2.5761298E+002
 4.0504018E+001, 1.0351814E+000, 2.4337783E+002
 4.0806102E+001, 7.2344246E-001, 2.7311420E+002
 4.1102599E+001, 4.0485518E-001, 3.0490781E+002
 4.1405961E+001, 8.6066241E-001, 2.9214331E+002
 4.1705841E+001, 1.3835832E+000, 2.7751529E+002
 4.2002171E+001, 5.7818643E-001, 2.7992019E+002
 4.2307577E+001, 5.9470002E-001, 3.8194312E+002
 4.2607116E+001, 9.1005996E-001, 3.9905820E+002
 4.2904052E+001, 7.6080682E-001, 3.2112594E+002
 4.3204525E+001, 1.5285229E+000, 2.8125895E+002
 4.3507487E+001, 3.2233048E-001, 2.0012877E+002
 4.3807506E+001, 5.3879476E-001, 2.9715111E+002
 4.4104194E+001, 4.3660524E-001, 3.3388075E+002
 4.4405129E+001, 4.9925499E-001, 3.5350208E+002
 4.4701376E+001, 5.3574070E-001, 3.3348997E+002
 4.5003015E+001, 6.6647050E-001, 3.3667351E+002
 4.5305884E+001, 4.5698375E-001, 3.0798151E+002
 4.5603576E+001, 5.3407962E-001, 2.6834436E+002
 4.5903501E+001, 1.2363422E+000, 2.4891710E+002
 4.6207342E+001, 5.0642352E-001, 3.1302948E+002
 4.6502483E+001, 5.4908502E-001, 2.4539757E+002
 4.6802982E+001, 6.0223988E-001, 3.9559508E+002
 4.7106267E+001, 3.3382246E-001, 3.6629109E+002
 4.7406994E+001, 7.2215813E-001, 3.7382010E+002
 4.7702391E+001, 5.5539664E+000, 3.3681525E+002
 4.8003725E+001, 4.0132367E-001, 2.8968695E+002
 4.8303755E+001, 4.9564522E-001, 3.6971583E+002
 4.8601224E+001, 5.5329706E-001, 3.8883988E+002
 4.8903611E+001, 1.5942935E+000, 3.5658156E+002
 4.9201596E+001, 2.2504895E+000, 3.9022471E+002
 4.9505847E+001, 4.6504117E-001, 2.4713738E+002
 4.9800097E+001, 1.0879849E+000, 3.6483527E+002
 5.0101021E+001, 4.3885823E-001, 1.4531839E+002
 5.0405498E+001, 5.3324970E-001, 2.5380935E+002
 5.0702167E+001, 1.2509881E+000, 3.5806907E+002
 5.1000543E+001, 1.6071125E+000, 2.4670849E+002
 5.1302332E+001, 5.2366667E-001, 2.5760428E+002
 5.1602804E+001, 3.2247552E-001, 3.1367490E+002
 5.1905547E+001, 2.3590356E+000, 4.2652165E+002
 5.2205046E+001, 9.9083956E-001, 3.6279586E+002
 5.2505976E+001, 4.6316379E-001, 2.5185664E+002
 5.2800845E+001, 8.3000713E-001, 4.2072217E+002
 5.3100550E+001, 1.0248007E+000, 4.1282440E+002
 5.3401057E+001, 8.2724989E-001, 3.4866825E+002
 5.3700401E+001, 4.6899343E-001, 3.7934146E+002
 5.4005003E+001, 4.8499819E-001, 4.7004689E+002
 5.4303630E+001, 6.0182970E-001, 5.5469958E+002
 5.4606660E+001, 1.0383291E+000, 4.6549729E+002
 5.4907426E+001, 5.9427037E-001, 3.5882756E+002
 5.5206970E+001, 4.6867089E-001, 4.6353132E+002
 5.5505099E+001, 5.5720257E-001, 3.7970151E+002
 5.5800232E+001, 5.7872952E-001, 2.9367442E+002
 5.6103683E+001, 9.9585117E-001, 4.8302826E+002
 5.6406415E+001, 1.0055805E+000, 3.7217895E+002
 5.6706221E+001, 7.3910098E-001, 3.7507621E+002
 5.7006000E+001, 2.0442037E+000, 2.8614098E+002
 5.7306158E+001, 2.6361828E+000, 3.1159012E+002
 5.7603485E+001, 3.9865710E-001, 3.0355551E+002
 5.7900828E+001, 4.2901118E-001, 3.1150532E+002
 5.8203211E+001, 3.3600299E-001, 3.5116515E+002
 5.8502055E+001, 6.7179531E-001, 4.3569788E+002
 5.8801834E+001, 4.8685027E+000, 4.0295886E+002
 5.9104183E+001, 4.0869029E-001, 2.8805174E+002
 5.9401844E+001, 1.7017302E+000, 3.3758078E+002
 5.9702254E+001, 5.3153666E-001, 2.2841628E+002
 6.0002088E+001, 6.9969730E-001, 3.6876172E+002
 6.0301131E+001, 5.3456822E-001, 3.5415529E+002
 6.0606401E+001, 4.9369728E-001, 4.8086086E+002
 6.0904474E+001, 1.0239760E+000, 3.0227065E+002
 6.1207623E+001, 5.7591845E-001, 3.9415502E+002
 6.1501590E+001, 4.3170969E-001, 4.0417214E+002
 6.1807019E+001, 3.9122038E-001, 5.2824527E+002
 6.2104936E+001, 4.3588017E-001, 4.3062417E+002
 6.2401493E+001, 5.2828920E-001, 4.3381874E+002
 6.2703961E+001, 1.2002658E+000, 3.5713916E+002
 6.3002871E+001, 4.8093299E-001, 3.2918964E+002
 6.3304937E+001, 8.7838792E-001, 2.9137129E+002
 6.3601437E+001, 5.3138571E-001, 3.5796115E+002
 6.3904930E+001, 4.8877655E-001, 2.9017167E+002
 6.4204815E+001, 1.1084196E+000, 2.8654682E+002
 6.4500644E+001, 3.6165465E-001, 2.5054975E+002
 6.4804240E+001, 4.3593977E-001, 3.7529587E+002
 6.5103169E+001, 8.3642872E-001, 4.4975551E+002
 6.5404393E+001, 1.5643235E+000, 4.1739152E+002
 6.5703388E+001, 3.3242061E-001, 3.6984872E+002
 6.6005501E+001, 3.6459764E-001, 5.7203129E+002
 6.6300124E+001, 3.4325015E-001, 3.2745354E+002
 6.6605676E+001, 7.1096909E-001, 4.5592408E+002
 6.6905297E+001, 9.3254265E-001, 3.6250447E+002
 6.7203058E+001, 3.5478817E-001, 4.6544166E+002
 6.7503789E+001, 6.5102539E-001, 6.1053311E+002
 6.7800330E+001, 8.7888971E-001, 4.3852711E+002
 6.8102916E+001, 3.6593914E-001, 4.0048167E+002
 6.8402112E+001, 3.4714344E-001, 5.1602860E+002
 6.8706643E+001, 7.7780952E-001, 3.4040515E+002
 6.9004511E+001, 1.2849855E+000, 3.3020513E+002
 6.9300295E+001, 5.1689851E-001, 3.5271615E+002
 6.9600601E+001, 5.3630110E-001, 4.4341257E+002
 6.9905536E+001, 1.0062464E+000, 4.6227245E+002
 7.0201957E+001, 5.2618576E-001, 2.9754824E+002
 7.0500151E+001, 5.0106960E-001, 5.1316748E+002
 7.0803522E+001, 9.5353431E-001, 4.2895768E+002
 7.1102999E+001, 1.5364761E+000, 5.0922909E+002
 7.1402833E+001, 5.2470052E-001, 4.8791141E+002
 7.1704158E+001, 1.1232685E+000, 4.4847900E+002
 7.2007271E+001, 4.8797564E-001, 4.7522038E+002
 7.2302385E+001, 1.0415130E+000, 4.0128140E+002
 7.2601739E+001, 2.7559063E+000, 4.4088983E+002
 7.2905953E+001, 4.4922694E-001, 2.9648183E+002
 7.3205092E+001, 2.3217495E+000, 4.7563519E+002
 7.3503220E+001, 8.3223298E-001, 2.8663443E+002
 7.3803352E+001, 4.9888001E-001, 3.1055023E+002
 7.4104405E+001, 8.1820547E-001, 3.5707769E+002
 7.4403150E+001, 4.6525185E-001, 3.3157372E+002
 7.4702013E+001, 1.4836015E+000, 4.7886470E+002
 7.5002464E+001, 1.7391032E+000, 4.3128761E+002
 7.5300604E+001, 4.0787381E-001, 3.5805090E+002
 7.5608320E+001, 6.0626662E-001, 3.4468862E+002
 7.5902571E+001, 1.1249561E+000, 2.8577809E+002
 7.6201978E+001, 5.7392419E-001, 3.6460027E+002
 7.6505321E+001, 1.0765743E+000, 2.8098911E+002
 7.6805185E+001, 2.6223128E+000, 1.8775753E+002
 7.7102736E+001, 2.9103724E+000, 3.4717250E+002
 7.7406710E+001, 3.7948046E-001, 5.5033528E+002
 7.7707425E+001, 6.6937146E-001, 5.0564422E+002
 7.8002617E+001, 4.9703477E-001, 4.3525160E+002
 7.8303417E+001, 1.6923264E+000, 4.4771581E+002
 7.8600941E+001, 6.0705545E-001, 3.4897118E+002
 7.8901754E+001, 4.7161896E-001, 3.1576028E+002
 7.9205468E+001, 4.4511157E-001, 5.0536028E+002
 7.9504576E+001, 9.4968613E-001, 5.0365317E+002
 7.9805422E+001, 1.7826747E+000, 3.7538887E+002
 8.0103739E+001, 4.6088964E-001, 3.0167248E+002
 8.0402447E+001, 9.4642962E-001, 3.8863493E+002
 8.0706076E+001, 6.7714892E-001, 3.2253185E+002
 8.1006286E+001, 6.3168427E-001, 3.9310810E+002
 8.1304364E+001, 4.1243402E-001, 4.5705577E+002
 8.1600680E+001, 8.1025708E-001, 3.9582812E+002
 8.1900750E+001, 9.4334566E-001, 4.1245447E+002
 8.2202432E+001, 4.8831848E-001, 5.4541206E+002
 8.2506877E+001, 4.3881969E-001, 3.9085473E+002
 8.2800162E+001, 6.8668152E-001, 4.4470997E+002
 8.3105836E+001, 1.2096927E+000, 4.4425685E+002
 8.3402571E+001, 7.0730914E-001, 3.5741972E+002
 8.3701865E+001, 4.1558612E-001, 4.7819873E+002
 8.4003781E+001, 4.8326008E-001, 5.4796414E+002
 8.4306403E+001, 6.4958465E-001, 3.6947324E+002
 8.4605249E+001, 2.3087782E+000, 4.3225615E+002
 8.4907824E+001, 4.8558143E-001, 2.6868283E+002
 8.5203507E+001, 5.1317768E-001, 3.0852506E+002
 8.5504122E+001, 1.3617536E+000, 3.3894910E+002
 8.5805421E+001, 1.2682474E+000, 4.1420456E+002
 8.6101450E+001, 7.7513025E-001, 3.7528704E+002
 8.6402779E+001, 2.2603209E+000, 4.8206254E+002
 8.6702327E+001, 6.4824286E-001, 3.8476679E+002
 8.7000439E+001, 6.4722394E-001, 3.5160540E+002
 8.7302186E+001, 1.0687226E+000, 3.8442498E+002
 8.7600735E+001, 2.1214945E+000, 3.5758891E+002
 8.7903611E+001, 7.4575867E-001, 3.6586266E+002
 8.8206403E+001, 1.1928487E+000, 3.3342599E+002
 8.8506505E+001, 5.0598055E-001, 4.3336747E+002
 8.8801460E+001, 6.0530183E-001, 3.9604700E+002
 8.9105214E+001, 1.1073415E+000, 3.8619859E+002
 8.9402193E+001, 3.7663627E-001, 4.1419741E+002
 8.9705071E+001, 7.6385086E-001, 3.7154478E+002
 9.0006090E+001, 4.3107306E-001, 5.8662821E+002
 9.0301183E+001, 7.7693929E-001, 5.0478061E+002
 9.0601723E+001, 9.1302187E-001, 4.9174918E+002
 9.0904605E+001, 3.0342570E-001, 4.2134714E+002
 9.1201544E+001, 3.5711860E-001, 4.9758905E+002
 9.1501655E+001, 4.1847341E-001, 4.3675077E+002
 9.1800829E+001, 9.6422808E-001, 5.7260966E+002
 9.2103432E+001, 1.5269321E+000, 4.2089530E+002
 9.2406944E+001, 5.3296316E-001, 3.9459441E+002
 9.2703499E+001, 5.6545312E-001, 3.4292689E+002
 9.3002084E+001, 8.2176448E-001, 5.3201307E+002
 9.3301947E+001, 7.5898580E-001, 3.3470310E+002
 9.3600659E+001, 4.1544619E+000, 4.2952447E+002
 9.3905274E+001, 7.0272091E-001, 2.5184738E+002
 9.4202141E+001, 8.6773548E-001, 4.0323404E+002
 9.4501585E+001, 1.6174312E+000, 2.3166222E+002
 9.4806009E+001, 5.7735290E-001, 3.4405587E+002
 9.5101680E+001, 1.2574899E+000, 3.5020891E+002
 9.5402619E+001, 1.7379990E+000, 2.0988318E+002
 9.5708198E+001, 1.2311236E+000, 3.3054786E+002
 9.6006454E+001, 8.5251204E-001, 2.3055668E+002
 9.6303834E+001, 9.0511569E-001, 5.4892247E+002
 9.6604145E+001, 6.9580500E-001, 4.3900250E+002
 9.6901004E+001, 1.0973548E+000, 5.0564767E+002
 9.7206941E+001, 1.5919255E+000, 4.4926083E+002
 9.7506816E+001, 5.4549749E-001, 3.4218434E+002
 9.7800988E+001, 3.5379831E-001, 5.1003403E+002
 9.8101461E+001, 4.9426678E-001, 5.0043922E+002
 9.8406080E+001, 1.3206507E+000, 4.8152633E+002
 9.8704711E+001, 6.8521734E-001, 3.9588583E+002
 9.9000171E+001, 3.8710309E-001, 4.9084972E+002
 9.9307754E+001, 4.3080647E-001, 5.0389855E+002
 9.9604355E+001, 1.5962639E+000, 3.8608713E+002
 9.9902115E+001, 3.3280899E-001, 2.2220215E+002
 1.0020572E+002, 3.2459565E-001, 4.0346921E+002
 1.0050357E+002, 1.1506777E+000, 3.6073700E+002
 1.0080650E+002, 5.5202528E-001, 2.8594241E+002
 1.0110533E+002, 4.5212270E-001, 3.8720098E+002
 1.0140587E+002, 4.0337079E-001, 4.3679579E+002
 1.0170658E+002, 1.3959734E+000, 5.0565416E+002
 1.0200424E+002, 4.4828092E-001, 3.9189279E+002
 1.0230629E+002, 8.7551063E-001, 4.6630327E+002
 1.0260328E+002, 2.0846068E+000, 3.9562585E+002
 1.0290534E+002, 4.1606586E-001, 3.5701288E+002
 1.0320809E+002, 5.2363349E-001, 4.4628564E+002
 1.0350334E+002, 1.3578788E+000, 6.0384948E+002
 1.0380280E+002, 4.3539309E-001, 4.4701682E+002
 1.0410604E+002, 5.6766453E-001, 5.0297652E+002
 1.0440337E+002, 3.8507898E-001, 3.8213088E+002
 1.0470511E+002, 6.6881587E-001, 3.7695365E+002
 1.0500088E+002, 1.3035043E+000, 4.5639821E+002
 1.0530043E+002, 5.4226634E-001, 3.0968146E+002
 1.0560621E+002, 4.4616548E-001, 5.0381828E+002
 1.0590621E+002, 8.4244940E-001, 4.2170393E+002
 1.0620086E+002, 1.2648734E+000, 3.3167569E+002
 1.0650581E+002, 3.0556432E-001, 3.3252359E+002
 1.0680236E+002, 3.4922939E-001, 4.0021975E+002
 1.0710762E+002, 5.4409831E-001, 3.5155275E+002
 1.0740752E+002, 3.5306623E-001, 4.0130566E+002
 1.0770077E+002, 1.8762273E+000, 3.6748098E+002
 1.0800509E+002, 9.6847083E-001, 2.2352951E+002
 1.0830231E+002, 7.8487079E-001, 2.9336229E+002
 1.0860488E+002, 3.1533715E-001, 2.4456460E+002
 1.0890012E+002, 9.0999779E-001, 5.6392533E+002
 1.0920288E+002, 2.9801722E+000, 4.2280714E+002
 1.0950124E+002, 5.8839130E-001, 3.5074935E+002
 1.0980345E+002, 5.0125731E-001, 3.7154338E+002
 1.1010778E+002, 3.9600165E-001, 3.8200398E+002
 1.1040372E+002, 6.4491758E-001, 4.3728243E+002
 1.1070305E+002, 3.2652587E-001, 4.0566092E+002
 1.1100739E+002, 4.6436691E-001, 4.3131163E+002
 1.1130146E+002, 1.5964131E+000, 5.0395129E+002
 1.1160070E+002, 2.1289050E+000, 4.1508489E+002
 1.1190576E+002, 3.8706928E-001, 3.2690222E+002
 1.1220488E+002, 1.6164984E+000, 4.8244087E+002
 1.1250181E+002, 6.2037940E-001, 3.4085489E+002
 1.1280413E+002, 3.6285728E-001, 4.8718743E+002
 1.1310251E+002, 9.7208723E-001, 4.2359028E+002
 1.1340327E+002, 3.4090814E-001, 3.4769569E+002
 1.1370436E+002, 1.2081602E+000, 3.6260531E+002
 1.1400351E+002, 4.2367670E+000, 4.1905284E+002
 1.1430113E+002, 4.5399655E-001, 4.3642732E+002
 1.1460680E+002, 1.1325839E+000, 4.5704851E+002
 1.1490520E+002, 1.0455025E+000, 3.2608020E+002
 1.1520394E+002, 3.5106243E-001, 4.4740791E+002
 1.1550301E+002, 3.5507224E-001, 5.5023921E+002
 1.1580362E+002, 9.8049462E-001, 5.0444304E+002
 1.1610300E+002, 3.6689359E+000, 3.1779654E+002
 1.1640540E+002, 3.6644540E-001, 3.1159537E+002
 1.1670748E+002, 1.4127167E+000, 2.4443086E+002
 1.1700101E+002, 5.4025865E+000, 2.3371267E+002
 1.1730413E+002, 9.9230049E-001, 2.0211289E+002
 1.1760331E+002, 5.9211238E-001, 3.3495202E+002
 1.1790056E+002, 8.4217595E-001, 4.3552909E+002
 1.1820575E+002, 5.8529361E+000, 3.1958091E+002
 1.1850477E+002, 4.6655038E-001, 2.5955946E+002
 1.1880142E+002, 4.7010587E-001, 4.0006386E+002
 1.1910582E+002, 5.5947826E-001, 6.0643992E+002
 1.1940655E+002, 6.5262680E-001, 4.5600122E+002
 1.1970343E+002, 6.7144299E-001, 2.6922209E+002
 1.2000544E+002, 5.4785698E-001, 4.8843237E+002
 1.2030129E+002, 1.0891476E+000, 3.6960152E+002
 1.2060769E+002, 1.0036069E+000, 3.0881511E+002
 1.2090228E+002, 3.7324157E-001, 4.1674011E+002
 1.2120544E+002, 5.9149473E-001, 4.9697581E+002
 1.2150054E+002, 6.3433498E-001, 5.3559792E+002
 1.2180522E+002, 6.7369812E-001, 6.5450634E+002
 1.2210657E+002, 6.0965306E-001, 3.9262124E+002
 1.2240483E+002, 5.3313513E-001, 4.3624124E+002
 1.2270530E+002, 5.3546939E-001, 3.0772484E+002
 1.2300548E+002, 5.1955435E-001, 3.3386578E+002
 1.2330165E+002, 1.1952909E+000, 3.9752136E+002
 1.2360533E+002, 1.0437235E+000, 3.7564448E+002
 1.2390552E+002, 3.8773377E-001, 3.6061764E+002
 1.2420447E+002, 3.3895788E-001, 3.5973319E+002
 1.2450374E+002, 3.9744090E-001, 5.8657128E+002
 1.2480159E+002, 4.1562773E-001, 4.1220297E+002
 1.2510141E+002, 4.7769210E-001, 5.9077235E+002
 1.2540299E+002, 4.7753211E-001, 5.1354501E+002
 1.2570441E+002, 9.0469680E-001, 4.4431669E+002
 1.2600020E+002, 1.1007487E+000, 3.4644412E+002
 1.2630511E+002, 3.4409689E-001, 2.8116568E+002
 1.2660013E+002, 4.1185629E-001, 4.9355466E+002
 1.2690298E+002, 2.1856701E+000, 3.4767828E+002
 1.2720599E+002, 9.2112925E+000, 3.8948761E+002
 1.2750433E+002, 5.4274892E-001, 3.3412754E+002
 1.2780801E+002, 6.9141033E-001, 2.6633201E+002
 1.2810420E+002, 8.2507007E-001, 3.5945637E+002
 1.2840126E+002, 8.2723340E-001, 2.6345244E+002
 1.2870104E+002, 3.8461434E-001, 3.0744999E+002
 1.2900087E+002, 9.1972265E-001, 3.9416016E+002
 1.2930099E+002, 9.2723359E-001, 3.2594961E+002
 1.2960273E+002, 4.4643089E-001, 5.0627714E+002
 1.2990157E+002, 1.1851884E+000, 4.4980373E+002
 1.3020420E+002, 1.6909428E+000, 3.8665614E+002
 1.3050396E+002, 3.8515646E-001, 4.6066321E+002
 1.3080745E+002, 5.6732326E-001, 3.5956395E+002
 1.3110034E+002, 1.5318756E+000, 3.7392229E+002
 1.3140550E+002, 8.1942136E-001, 3.1970225E+002
 1.3170398E+002, 1.4313256E+000, 5.4241719E+002
 1.3200227E+002, 6.9509461E-001, 4.2278391E+002
 1.3230773E+002, 4.7162351E-001, 3.6520906E+002
 1.3260291E+002, 1.1608702E+000, 4.2597904E+002
 1.3290019E+002, 9.2664013E-001, 2.4989079E+002
 1.3320501E+002, 6.4925194E-001, 3.6260860E+002
 1.3350392E+002, 1.4231794E+000, 3.9590165E+002
 1.3380591E+002, 4.3678161E-001, 3.1502376E+002
 1.3410443E+002, 6.3979060E-001, 3.7401318E+002
 1.3440499E+002, 4.0620718E-001, 4.1711841E+002
 1.3470199E+002, 8.0856790E-001, 3.5550648E+002
 1.3500136E+002, 6.3390201E-001, 4.8008587E+002
 1.3530724E+002, 5.4186900E-001, 4.3542820E+002
 1.3560309E+002, 5.1561794E-001, 5.1334768E+002
 1.3590383E+002, 1.4218304E+000, 5.6794846E+002
 1.3620573E+002, 1.4550078E+000, 3.4361648E+002
 1.3650458E+002, 4.9672107E-001, 3.3407821E+002
 1.3680240E+002, 1.8671994E+000, 2.8269138E+002
 1.3710280E+002, 1.2916161E+000, 2.8922926E+002
 1.3740359E+002, 1.0035858E+000, 3.2798835E+002
 1.3770550E+002, 5.4991920E-001, 3.5083076E+002
 1.3800164E+002, 5.7913801E-001, 4.5794058E+002
 1.3830485E+002, 5.9914582E-001, 3.7752492E+002
 1.3860295E+002, 5.1408542E-001, 3.2080207E+002
 1.3890447E+002, 1.3121024E+000, 3.7779996E+002
 1.3920593E+002, 3.4919785E-001, 3.3130487E+002
 1.3950317E+002, 6.1401068E-001, 4.3112099E+002
 1.3980443E+002, 1.5012464E+000, 4.2016413E+002
 1.4010691E+002, 3.9473459E-001, 3.1519976E+002
 1.4040394E+002, 3.8348360E-001, 4.7753220E+002
 1.4070099E+002, 1.2089969E+000, 2.5595006E+002
 1.4100341E+002, 6.4101989E+000, 3.8361229E+002
 1.4130384E+002, 4.9758626E-001, 2.8466301E+002
 1.4160531E+002, 3.8850995E-001, 4.0134456E+002
 1.4190714E+002, 1.7493156E+000, 4.2915575E+002
 1.4220295E+002, 3.2624866E-001, 3.9076287E+002
 1.4250000E+002, 7.9740486E-001, 4.1832868E+002
 1.4280300E+002, 1.2846358E+000, 3.5699939E+002
 1.4310317E+002, 4.6783142E-001, 2.8193212E+002
 1.4340417E+002, 3.8918638E-001, 4.4552697E+002
 1.4370508E+002, 3.4426724E-001, 3.5063020E+002
 1.4400591E+002, 1.6242297E+000, 3.6756452E+002
 1.4430367E+002, 8.5393044E-001, 3.4135692E+002
 1.4460685E+002, 3.5687452E-001, 4.4862531E+002
 1.4490563E+002, 5.8826803E-001, 4.4657598E+002
 1.4520536E+002, 5.7888525E-001, 3.7281326E+002
 1.4550048E+002, 5.7132824E-001, 4.2412699E+002
 1.4580234E+002, 2.0379277E+000, 4.5553356E+002
 1.4610108E+002, 1.0491468E+000, 4.7552632E+002
 1.4640595E+002, 4.6407494E-001, 3.4858556E+002
 1.4670448E+002, 5.5064215E-001, 5.0730263E+002
 1.4700118E+002, 7.0577538E-001, 3.9006125E+002
 1.4730509E+002, 2.5712473E+000, 4.8394186E+002
 1.4760378E+002, 4.2810997E-001, 3.3417135E+002
 1.4790250E+002, 8.7421016E-001, 3.6091572E+002
 1.4820381E+002, 6.7217673E-001, 3.5579563E+002
 1.4850235E+002, 6.8368641E-001, 4.1098762E+002
 1.4880281E+002, 8.9630075E-001, 4.6334604E+002
 1.4910718E+002, 4.3798805E-001, 3.8511254E+002
 1.4940571E+002, 9.8118327E-001, 4.7455845E+002
 1.4970534E+002, 8.3660871E-001, 3.3840810E+002
 1.5000433E+002, 5.3307503E-001, 3.9480385E+002
 1.5030899E+002, 4.1838042E-001, 3.0916683E+002
 1.5060388E+002, 5.1149850E-001, 4.1610737E+002
 1.5090754E+002, 1.1385619E+000, 5.0237071E+002
 1.5120517E+002, 3.8950816E-001, 4.1822566E+002
 1.5150364E+002, 4.2604399E-001, 4.5757915E+002
 1.5180625E+002, 1.2374727E+000, 4.4212561E+002
 1.5210521E+002, 4.4614171E-001, 2.9450620E+002
 1.5240238E+002, 5.5139812E-001, 3.4598229E+002
 1.5270081E+002, 9.5921412E-001, 3.5021540E+002
 1.5300459E+002, 1.9599430E+000, 4.4287760E+002
 1.5330185E+002, 5.4340866E-001, 4.0125244E+002
 1.5360107E+002, 1.0614228E+000, 4.6175218E+002
 1.5390498E+002, 8.6531670E-001, 4.5399017E+002
 1.5420338E+002, 1.2028404E+000, 3.8441873E+002
 1.5450053E+002, 5.9265963E-001, 3.0554124E+002
 1.5480574E+002, 4.1860521E-001, 3.4117988E+002
 1.5510748E+002, 1.0007769E+000, 4.6470878E+002
 1.5540635E+002, 4.1295649E-001, 4.6206843E+002
 1.5570583E+002, 4.3370117E-001, 4.8105240E+002
 1.5600025E+002, 6.4760526E-001, 3.4923686E+002
 1.5630204E+002, 8.8270594E-001, 3.3129223E+002
 1.5660048E+002, 4.9633436E-001, 4.0447127E+002
 1.5690314E+002, 1.3701498E+000, 3.3005877E+002
 1.5720626E+002, 5.0020266E-001, 2.8016913E+002
 1.5750351E+002, 4.8852047E-001, 4.1227467E+002
 1.5780628E+002, 6.2293175E-001, 4.6723208E+002
 1.5810223E+002, 3.8028014E-001, 3.6969291E+002
 1.5840158E+002, 3.9315458E-001, 4.3027236E+002
 1.5870399E+002, 4.8412111E-001, 5.3782924E+002
 1.5900329E+002, 3.1389102E-001, 4.2817920E+002
 1.5930413E+002, 5.1103502E-001, 4.9076545E+002
 1.5960689E+002, 4.6759159E-001, 3.9571126E+002
 1.5990656E+002, 3.7430292E-001, 3.7259328E+002
 1.6020074E+002, 3.7388330E-001, 4.2097025E+002
 1.6050065E+002, 4.0088962E-001, 3.6469742E+002
 1.6080590E+002, 5.5982656E-001, 3.1619106E+002
 1.6110066E+002, 5.2858639E-001, 3.3421013E+002
 1.6140290E+002, 5.7142535E-001, 3.8725462E+002
 1.6170504E+002, 4.4638174E-001, 3.9864953E+002
 1.6200495E+002, 3.5026565E-001, 4.0230447E+002
 1.6230126E+002, 1.4549828E+000, 6.0250396E+002
 1.6260087E+002, 4.4481518E+000, 5.3068295E+002
 1.6290561E+002, 3.6567032E-001, 3.2581987E+002
 1.6320640E+002, 4.4806728E-001, 3.3927760E+002
 1.6350215E+002, 5.0260858E-001, 4.6161301E+002
 1.6380109E+002, 5.2842840E-001, 4.7468800E+002
 1.6410611E+002, 7.1143952E-001, 3.8025299E+002
 1.6440266E+002, 5.8810539E-001, 3.8357489E+002
 1.6470465E+002, 2.3920429E+000, 3.5331272E+002
 1.6500108E+002, 1.0178547E+000, 3.4757586E+002
 1.6530252E+002, 8.9888770E-001, 3.1640486E+002
 1.6560631E+002, 1.4469994E+000, 2.8550356E+002
 1.6590309E+002, 3.1675272E-001, 2.7193054E+002
 1.6620367E+002, 7.7157822E-001, 4.6303432E+002
 1.6650184E+002, 1.0615960E+000, 4.6510932E+002
 1.6680593E+002, 5.9418839E-001, 3.0922684E+002
 1.6710119E+002, 9.8484881E-001, 3.0992561E+002
 1.6740560E+002, 1.9489201E+000, 3.5007989E+002
 1.6770341E+002, 6.0768854E-001, 2.9969554E+002
 1.6800442E+002, 5.2301238E-001, 3.8893848E+002
 1.6830336E+002, 4.3965769E-001, 4.4589600E+002
 1.6860139E+002, 4.9989177E-001, 4.8060583E+002
 1.6890260E+002, 6.4711174E-001, 3.5607729E+002
 1.6920237E+002, 1.5117537E+000, 3.1682151E+002
 1.6950576E+002, 3.6470587E-001, 3.3492730E+002
 1.6980372E+002, 5.8078355E-001, 5.2723207E+002
 1.7010389E+002, 6.3947828E-001, 3.5556560E+002
 1.7040434E+002, 4.6546301E-001, 4.3893982E+002
 1.7070381E+002, 8.8428346E-001, 3.0366586E+002
 1.7100166E+002, 3.7594328E+000, 3.5852791E+002
 1.7130657E+002, 8.6620104E-001, 2.9276153E+002
 1.7160024E+002, 4.5631769E-001, 3.4106482E+002
 1.7190224E+002, 7.9835521E-001, 4.0586429E+002
 1.7220357E+002, 2.7768262E+000, 3.8327709E+002
 1.7250154E+002, 3.5918839E+000, 2.3840773E+002
 1.7280159E+002, 3.5453941E-001, 2.6503624E+002
 1.7310303E+002, 3.7738251E-001, 5.6503338E+002
 1.7340057E+002, 4.6505176E-001, 4.3844433E+002
 1.7370236E+002, 4.9850269E-001, 3.7148195E+002
 1.7400064E+002, 1.8144398E+000, 4.2009505E+002
 1.7430494E+002, 3.5703799E-001, 3.5812101E+002
 1.7460679E+002, 5.4633126E-001, 5.0174372E+002
 1.7490571E+002, 5.1129012E-001, 4.2592624E+002
 1.7520550E+002, 5.0404812E-001, 4.2815822E+002
 1.7550026E+002, 6.6250587E-001, 4.9231261E+002
 1.7580429E+002, 3.2134038E-001, 3.7242941E+002
 1.7610564E+002, 6.9944556E-001, 3.9811888E+002
 1.7640272E+002, 7.9833861E-001, 5.3411758E+002
 1.7670055E+002, 3.4527715E-001, 3.2784857E+002
 1.7700558E+002, 4.3345673E-001, 4.0362986E+002
 1.7730319E+002, 5.3866141E-001, 3.3129489E+002
 1.7760019E+002, 4.4800271E-001, 4.0668003E+002
 1.7790665E+002, 4.9527386E-001, 4.2479589E+002
 1.7820486E+002, 1.6623556E+000, 4.0658955E+002
 1.7850075E+002, 4.6340048E-001, 3.3839215E+002
 1.7880560E+002, 3.6431427E-001, 3.4066700E+002
 1.7910219E+002, 8.0467116E-001, 3.8727051E+002
 1.7940447E+002, 2.1038004E+000, 4.4332492E+002
 1.7970601E+002, 2.7946754E+000, 4.2473884E+002
 1.8000593E+002, 4.8647077E-001, 3.1337358E+002
 1.8030558E+002, 4.9182442E-001, 3.0639483E+002
 1.8060655E+002, 6.2285427E-001, 4.3472918E+002
 1.8090820E+002, 1.3836848E+000, 2.5817494E+002
 1.8120226E+002, 1.4356170E+000, 3.9430045E+002
 1.8150238E+002, 4.4139551E-001, 3.4309673E+002
 1.8180387E+002, 9.4814315E-001, 3.5039180E+002
 1.8210529E+002, 1.2806939E+000, 3.9406576E+002
 1.8240638E+002, 3.7530405E-001, 3.7099290E+002
 1.8270045E+002, 1.1180944E+000, 5.4362535E+002
 1.8300551E+002, 1.2494070E+000, 3.4478520E+002
 1.8330103E+002, 5.7079545E-001, 3.9885511E+002
 1.8360136E+002, 3.4849290E-001, 4.1294833E+002
 1.8390634E+002, 7.7400536E-001, 4.5938889E+002
 1.8420804E+002, 3.8911094E+000, 4.0932697E+002
 1.8450121E+002, 1.7450983E+000, 2.2497423E+002
 1.8480580E+002, 5.2900124E-001, 2.7607711E+002
 1.8510084E+002, 1.2109333E+000, 2.7811409E+002
 1.8540183E+002, 7.7075576E-001, 2.9455475E+002
 1.8570126E+002, 8.4398205E-001, 3.2500322E+002
 1.8600666E+002, 3.3987708E+000, 3.0806726E+002
 1.8630330E+002, 1.5176702E+000, 2.4082536E+002
 1.8660264E+002, 4.6614013E-001, 4.2615631E+002
 1.8690237E+002, 1.1133516E+000, 5.1382963E+002
 1.8720151E+002, 1.3334946E+000, 3.1260066E+002
 1.8750232E+002, 3.2339732E-001, 3.7650345E+002
 1.8780060E+002, 5.7831093E-001, 4.8864209E+002
 1.8810533E+002, 2.3154025E+000, 3.6958691E+002
 1.8840417E+002, 4.9692461E-001, 2.4215313E+002
 1.8870395E+002, 5.9138121E-001, 2.8977440E+002
 1.8900128E+002, 4.2451929E-001, 2.7246628E+002
 1.8930042E+002, 5.5823446E-001, 4.1409399E+002
 1.8960622E+002, 3.2797591E-001, 3.9079853E+002
 1.8990082E+002, 3.2718050E-001, 5.2000814E+002
 1.9020628E+002, 4.9967899E-001, 5.3515734E+002
 1.9050741E+002, 5.7464928E-001, 4.4859603E+002
 1.9080685E+002, 1.4127714E+000, 4.3626346E+002
 1.9110579E+002, 3.0331008E+000, 4.9051316E+002
 1.9140772E+002, 4.4952723E-001, 3.5221446E+002
 1.9170063E+002, 3.7702191E-001, 4.8761993E+002
 1.9200354E+002, 4.5206741E-001, 3.6519671E+002
 1.9230720E+002, 6.0554338E-001, 4.1028333E+002
 1.9260650E+002, 1.0528878E+000, 3.6257034E+002
 1.9290319E+002, 2.0423960E+000, 4.7315381E+002
 1.9320597E+002, 5.6703646E-001, 3.3900451E+002
 1.9350809E+002, 3.4730226E-001, 3.2108254E+002
 1.9380461E+002, 5.2338941E-001, 5.6742971E+002
 1.9410455E+002, 5.3583262E-001, 4.3417109E+002
 1.9440450E+002, 5.1640137E-001, 4.3409137E+002
 1.9470049E+002, 5.1269387E-001, 6.1680792E+002
 1.9500236E+002, 3.8623677E-001, 4.3129814E+002
 1.9530370E+002, 1.0685878E+000, 2.4152764E+002
 1.9560296E+002, 4.3783658E-001, 3.2363841E+002
 1.9590328E+002, 8.5942839E-001, 4.5802369E+002
 1.9620488E+002, 1.4705042E+000, 2.8239605E+002
 1.9650077E+002, 3.4115656E-001, 3.7466784E+002
 1.9680414E+002, 3.8386107E-001, 3.7850420E+002
 1.9710326E+002, 4.6236621E-001, 4.0067269E+002
 1.9740025E+002, 9.0981880E-001, 3.7107301E+002
 1.9770217E+002, 1.5539185E+000, 4.5417209E+002
 1.9800472E+002, 5.0416323E-001, 3.0211579E+002
 1.9830638E+002, 6.3562062E-001, 3.9175703E+002
 1.9860321E+002, 6.4332440E-001, 3.2943463E+002
 1.9890684E+002, 1.6068328E+000, 4.0610590E+002
 1.9920726E+002, 1.3675297E+000, 2.3499317E+002
 1.9950172E+002, 6.5353615E-001, 3.6731951E+002
 1.9980167E+002, 2.5677406E+000, 4.1541112E+002
 2.0010672E+002, 1.6117020E+000, 4.1650111E+002
 2.0040120E+002, 9.8838402E-001, 3.3477491E+002
 2.0070265E+002, 5.3330396E-001, 2.9554475E+002
 2.0100263E+002, 5.5947050E-001, 3.9401908E+002
 2.0130410E+002, 1.0039924E+000, 4.3096645E+002
 2.0160563E+002, 8.2929594E-001, 3.8767629E+002
 2.0190226E+002, 1.4798795E+000, 3.1560358E+002
 2.0220573E+002, 4.1050140E-001, 2.6430582E+002
 2.0250810E+002, 1.8322297E+000, 3.7193955E+002
 2.0280192E+002, 4.5374531E-001, 3.2562587E+002
 2.0310655E+002, 1.2717965E+000, 4.6209484E+002
 2.0340318E+002, 1.3193930E+000, 2.6890327E+002
 2.0370276E+002, 6.2239309E-001, 3.4922686E+002
 2.0400020E+002, 1.7492974E+000, 3.9874756E+002
 2.0430570E+002, 6.6962217E-001, 3.3849629E+002
 2.0460485E+002, 4.3737578E-001, 5.8434423E+002
 2.0490286E+002, 9.5957750E-001, 4.6972120E+002
 2.0520088E+002, 5.0302285E-001, 3.0958241E+002
 2.0550405E+002, 9.7081695E-001, 3.3221352E+002
 2.0580459E+002, 1.4397925E+000, 3.2489605E+002
 2.0610289E+002, 7.0024735E-001, 4.1891413E+002
 2.0640312E+002, 3.1662163E-001, 4.1496581E+002
 2.0670534E+002, 6.5799541E-001, 3.9628194E+002
 2.0700703E+002, 1.5073819E+000, 2.4042830E+002
 2.0730119E+002, 3.7866349E-001, 3.6258250E+002
 2.0760422E+002, 3.9739816E-001, 3.7838486E+002
 2.0790499E+002, 6.3594421E-001, 2.6937464E+002
 2.0820361E+002, 1.0773479E+000, 2.6516724E+002
 2.0850358E+002, 5.6852121E-001, 2.5879724E+002
 2.0880034E+002, 4.1662248E-001, 4.3370332E+002
 2.0910102E+002, 4.6183257E-001, 3.3812381E+002
 2.0940499E+002, 6.6926388E-001, 3.2148856E+002
 2.0970183E+002, 9.9032356E-001, 3.2012655E+002
 2.1000027E+002, 4.9832832E-001, 2.7739366E+002
 2.1030457E+002, 5.2076137E-001, 2.7942448E+002
 2.1060059E+002, 4.2136712E-001, 3.8499967E+002
 2.1090055E+002, 8.8919984E-001, 3.1112415E+002
 2.1120527E+002, 1.3076158E+000, 3.3174033E+002
 2.1150499E+002, 3.6597239E-001, 2.8198005E+002
 2.1180039E+002, 7.3359163E-001, 3.2195232E+002
 2.1210397E+002, 5.9733793E-001, 4.1400327E+002
 2.1240595E+002, 2.9139609E-001, 3.7459979E+002
 2.1270384E+002, 7.1563681E-001, 5.4866130E+002
 2.1300629E+002, 7.1857203E-001, 3.4725915E+002
 2.1330163E+002, 1.2687471E+000, 3.3172568E+002
 2.1360319E+002, 4.1891810E-001, 3.8609920E+002
 2.1390636E+002, 3.6798479E-001, 3.8655986E+002
 2.1420669E+002, 4.4300743E-001, 3.4868977E+002
 2.1450000E+002, 8.9707834E-001, 3.0262125E+002
 2.1480130E+002, 4.4537925E-001, 3.7966767E+002
 2.1510400E+002, 3.7030008E-001, 4.6816508E+002
 2.1540613E+002, 4.2382395E-001, 5.2561497E+002
 2.1570499E+002, 1.2805237E+000, 4.0039224E+002
 2.1600559E+002, 1.1049313E+000, 2.0970846E+002
 2.1630493E+002, 4.2973078E-001, 2.8254249E+002
 2.1660247E+002, 6.1574799E-001, 2.4984161E+002
