s,kW,kW,kW,kW,kW,kW,kW,kW,kW,kW,kg/s,kg/s,kg/s,Pa
Time,HRR,HRR_OX,Q_RADI,Q_CONV,Q_COND,Q_DIFF,Q_PRES,Q_PART,Q_ENTH,Q_TOTAL,MLR_AIR,MLR_PROPANE,MLR_PRODUCTS,ZONE_1
 0.0000000E+000, 0.0000000E+000, 0.0000000E+000,-2.5317511E-004,-1.2832438E-007, 0.0000000E+000, 0.0000000E+000, 0.0000000E+000, 0.0000000E+000, 0.0000000E+000,-2.5330343E-004, 0.0000000E+000, 0.0000000E+000, 0.0000000E+000,-5.9075825E-001
 5.5309570E-001, 2.0637134E+000, 0.0000000E+000,-5.5358222E-002, 3.4827458E-002,-1.0550389E-003,-2.0146472E-004,-2.7373437E-006, 0.0000000E+000, 8.4678366E-001, 2.0419234E+000, 0.0000000E+000, 6.8976255E-005, 0.0000000E+000,-5.9072940E-001
 1.0140088E+000, 1.0469503E+001, 0.0000000E+000,-1.5123236E+000, 1.5216036E-001,-2.6703110E-002,-5.1395332E-004, 3.1984436E-006, 0.0000000E+000, 9.5654963E+000, 9.0821255E+000, 0.0000000E+000, 1.7306769E-004, 0.0000000E+000,-5.9066883E-001
 1.5671045E+000, 1.4097300E+001, 0.0000000E+000,-6.3270787E+000, 1.3249848E-001,-5.5512486E-002,-8.6631864E-004,-1.5235856E-005, 0.0000000E+000, 7.8304415E+000, 7.8463254E+000, 0.0000000E+000, 2.8008540E-004, 0.0000000E+000,-5.9115560E-001
 2.0197828E+000, 1.4662910E+001, 0.0000000E+000,-4.4962441E+000, 1.7369945E-001,-3.6703236E-002,-1.1808191E-003,-2.6580040E-006, 0.0000000E+000, 9.2331185E+000, 1.0302479E+001, 0.0000000E+000, 3.7855783E-004, 0.0000000E+000,-5.9121757E-001
 2.5073168E+000, 1.9658691E+001, 0.0000000E+000,-4.5332892E+000, 2.5670590E-001,-4.0946687E-002,-1.4673841E-003,-3.5138256E-006, 0.0000000E+000, 1.5144970E+001, 1.5339690E+001, 0.0000000E+000, 4.7511410E-004, 0.0000000E+000,-5.9133350E-001
 3.0231879E+000, 2.3842263E+001, 0.0000000E+000,-7.0625198E+000, 2.8386207E-001,-6.5542576E-002,-1.7699283E-003, 1.7374355E-006, 0.0000000E+000, 1.6898331E+001, 1.6996295E+001, 0.0000000E+000, 5.8143153E-004, 0.0000000E+000,-5.9128298E-001
 3.5020826E+000, 2.8253391E+001, 0.0000000E+000,-7.9240268E+000, 3.4285554E-001,-1.4608824E-001,-2.0879916E-003, 1.5785578E-006, 0.0000000E+000, 2.0317576E+001, 2.0524045E+001, 0.0000000E+000, 6.8454198E-004, 0.0000000E+000,-5.9123376E-001
 4.0014677E+000, 3.2599755E+001, 0.0000000E+000,-8.4670979E+000, 4.0189001E-001,-4.8229006E-001,-2.4065562E-003,-3.6579476E-006, 0.0000000E+000, 2.3902829E+001, 2.4049846E+001, 0.0000000E+000, 7.8627914E-004, 0.0000000E+000,-5.9134404E-001
 4.5068455E+000, 3.7229140E+001, 0.0000000E+000,-9.7454040E+000, 4.5256778E-001,-7.9146614E-001,-2.7182031E-003,-4.3446197E-006, 0.0000000E+000, 2.7008375E+001, 2.7142115E+001, 0.0000000E+000, 8.9151128E-004, 0.0000000E+000,-5.9147686E-001
 5.0122232E+000, 4.1696663E+001, 0.0000000E+000,-1.1097200E+001, 2.3998317E-001,-1.0459143E+000,-3.0295428E-003,-1.2464372E-005, 0.0000000E+000, 2.9669866E+001, 2.9790490E+001, 0.0000000E+000, 9.9729304E-004, 0.0000000E+000,-5.9185790E-001
 5.5075431E+000, 4.6317963E+001, 0.0000000E+000,-1.2368604E+001,-4.0369443E-001,-1.4113375E+000,-3.3395262E-003,-1.0803511E-005, 0.0000000E+000, 3.2006886E+001, 3.2130978E+001, 0.0000000E+000, 1.1012083E-003, 0.0000000E+000,-5.9219412E-001
 6.0028629E+000, 5.0709747E+001, 0.0000000E+000,-1.3362592E+001,-1.3535555E-001,-1.9622086E+000,-3.6453083E-003,-5.1925533E-006, 0.0000000E+000, 3.5137642E+001, 3.5245940E+001, 0.0000000E+000, 1.2049139E-003, 0.0000000E+000,-5.9235374E-001
 6.5109911E+000, 5.5293028E+001, 0.0000000E+000,-1.4661658E+001,-1.0988046E+000,-2.3933467E+000,-3.9458728E-003,-5.9322754E-006, 0.0000000E+000, 3.7047554E+001, 3.7135267E+001, 0.0000000E+000, 1.3097232E-003, 0.0000000E+000,-5.9254072E-001
 7.0022168E+000, 5.9894975E+001, 0.0000000E+000,-1.5695918E+001,-2.3295986E+000,-2.7772562E+000,-4.2371206E-003,-5.2831567E-006, 0.0000000E+000, 3.8967543E+001, 3.9087959E+001, 0.0000000E+000, 1.4138701E-003, 0.0000000E+000,-5.9270256E-001
 7.5044451E+000, 6.4086612E+001, 0.0000000E+000,-1.6548853E+001,-1.3300709E+000,-3.0606956E+000,-4.5356304E-003,-2.0249435E-006, 0.0000000E+000, 4.3057024E+001, 4.3142454E+001, 0.0000000E+000, 1.5175896E-003, 0.0000000E+000,-5.9276633E-001
 8.0019016E+000, 6.8892273E+001, 0.0000000E+000,-1.8147085E+001,-2.1073277E+000,-3.3314050E+000,-4.8137048E-003,-3.3056302E-008, 0.0000000E+000, 4.5242430E+001, 4.5301641E+001, 0.0000000E+000, 1.6219081E-003, 0.0000000E+000,-5.9276909E-001
 8.5100622E+000, 7.3285363E+001, 0.0000000E+000,-1.9327230E+001,-2.6915596E+000,-3.6943574E+000,-5.1119886E-003,-4.1756161E-006, 0.0000000E+000, 4.7450488E+001, 4.7567100E+001, 0.0000000E+000, 1.7271915E-003, 0.0000000E+000,-5.9289694E-001
 9.0050669E+000, 7.7792691E+001, 0.0000000E+000,-2.0418666E+001,-3.3388286E+000,-4.1154794E+000,-5.4182895E-003,-4.6186026E-006, 0.0000000E+000, 4.9871825E+001, 4.9914294E+001, 0.0000000E+000, 1.8319803E-003, 0.0000000E+000,-5.9303921E-001
 9.5058012E+000, 8.2483785E+001, 0.0000000E+000,-2.1499136E+001,-4.4246828E+000,-4.4176395E+000,-5.7219660E-003, 2.6589313E-006, 0.0000000E+000, 5.2043694E+001, 5.2136607E+001, 0.0000000E+000, 1.9365237E-003, 0.0000000E+000,-5.9295842E-001
 1.0001857E+001, 8.6620300E+001, 0.0000000E+000,-2.2087728E+001,-4.8471727E+000,-4.8698421E+000,-6.0126637E-003,-6.4503748E-006, 0.0000000E+000, 5.4700399E+001, 5.4809538E+001, 0.0000000E+000, 2.0408513E-003, 0.0000000E+000,-5.9315268E-001
 1.0512633E+001, 9.1675200E+001, 0.0000000E+000,-2.4650297E+001,-6.2110535E+000,-5.3517697E+000,-6.2644996E-003,-9.2114499E-006, 0.0000000E+000, 5.5370482E+001, 5.5455806E+001, 0.0000000E+000, 2.1455796E-003, 0.0000000E+000,-5.9344270E-001
 1.1001923E+001, 9.5586534E+001, 0.0000000E+000,-2.4626053E+001,-5.8878024E+000,-5.5952365E+000,-6.5476190E-003, 1.8835844E-006, 0.0000000E+000, 5.9398812E+001, 5.9470895E+001, 0.0000000E+000, 2.2498423E-003, 0.0000000E+000,-5.9338968E-001
 1.1503378E+001, 1.0037051E+002, 0.0000000E+000,-2.5542073E+001,-9.3908409E+000,-5.8533142E+000,-6.8011012E-003, 1.4494539E-006, 0.0000000E+000, 5.9525641E+001, 5.9577485E+001, 0.0000000E+000, 2.3533275E-003, 0.0000000E+000,-5.9334559E-001
 1.2007581E+001, 1.0467783E+002, 0.0000000E+000,-2.8219535E+001,-1.1393622E+001,-5.8162123E+000,-7.0588512E-003, 4.9599840E-007, 0.0000000E+000, 5.9166227E+001, 5.9241403E+001, 0.0000000E+000, 2.4585053E-003, 0.0000000E+000,-5.9332709E-001
 1.2501586E+001, 1.0940197E+002, 0.0000000E+000,-2.9077723E+001,-1.1978336E+001,-6.1480108E+000,-7.3677393E-003,-1.2260594E-005, 0.0000000E+000, 6.2110556E+001, 6.2190517E+001, 0.0000000E+000, 2.5627916E-003, 0.0000000E+000,-5.9369367E-001
 1.3000071E+001, 1.1419939E+002, 0.0000000E+000,-3.0993425E+001,-1.5437073E+001,-6.5134751E+000,-7.6271931E-003, 1.2499680E-006, 0.0000000E+000, 6.1198941E+001, 6.1247787E+001, 0.0000000E+000, 2.6669383E-003, 0.0000000E+000,-5.9366417E-001
 1.3510929E+001, 1.1844704E+002, 0.0000000E+000,-3.1514756E+001,-1.5808882E+001,-7.3585437E+000,-7.9446492E-003,-2.0458079E-006, 0.0000000E+000, 6.3707519E+001, 6.3756913E+001, 0.0000000E+000, 2.7722660E-003, 0.0000000E+000,-5.9372270E-001
 1.4009429E+001, 1.2297033E+002, 0.0000000E+000,-3.1827593E+001,-1.9597902E+001,-8.0839935E+000,-8.1753437E-003,-5.3286326E-006, 0.0000000E+000, 6.3372698E+001, 6.3452664E+001, 0.0000000E+000, 2.8770481E-003, 0.0000000E+000,-5.9389066E-001
 1.4507317E+001, 1.2648529E+002, 0.0000000E+000,-3.3364933E+001,-1.9615233E+001,-8.5984612E+000,-8.3977599E-003,-2.8664803E-006, 0.0000000E+000, 6.4852959E+001, 6.4898267E+001, 0.0000000E+000, 2.9821293E-003, 0.0000000E+000,-5.9397766E-001
 1.5000278E+001, 1.3176214E+002, 0.0000000E+000,-3.4700527E+001,-2.2627616E+001,-8.8209595E+000,-8.6720444E-003,-4.4380538E-006, 0.0000000E+000, 6.5553304E+001, 6.5604362E+001, 0.0000000E+000, 3.0850373E-003, 0.0000000E+000,-5.9411614E-001
 1.5511201E+001, 1.3648963E+002, 0.0000000E+000,-3.6191600E+001,-2.3467942E+001,-9.1680668E+000,-8.9202101E-003,-5.0298689E-006, 0.0000000E+000, 6.7533630E+001, 6.7653098E+001, 0.0000000E+000, 3.1900043E-003, 0.0000000E+000,-5.9427149E-001
 1.6012648E+001, 1.3988907E+002, 0.0000000E+000,-3.7300708E+001,-2.7222699E+001,-9.9952194E+000,-9.1896298E-003,-2.5918320E-006, 0.0000000E+000, 6.5364373E+001, 6.5361250E+001, 0.0000000E+000, 3.2959055E-003, 0.0000000E+000,-5.9435231E-001
 1.6503540E+001, 1.4871182E+002, 0.0000000E+000,-3.9086664E+001,-2.8177684E+001,-1.0035252E+001,-9.6091439E-003, 2.8449415E-006, 0.0000000E+000, 7.1192752E+001, 7.1402616E+001, 0.0000000E+000, 3.3994285E-003, 0.0000000E+000,-5.9427698E-001
 1.7003950E+001, 1.4809863E+002, 0.0000000E+000,-3.8280594E+001,-3.3329986E+001,-1.0229890E+001,-9.8195324E-003,-2.6436245E-006, 0.0000000E+000, 6.6275570E+001, 6.6248342E+001, 0.0000000E+000, 3.5025708E-003, 0.0000000E+000,-5.9434746E-001
 1.7503389E+001, 1.5342720E+002, 0.0000000E+000,-4.2447366E+001,-3.8077969E+001,-1.0964979E+001,-1.0124928E-002,-4.6287182E-006, 0.0000000E+000, 6.1906656E+001, 6.1926755E+001, 0.0000000E+000, 3.6082643E-003, 0.0000000E+000,-5.9449794E-001
 1.8005304E+001, 1.5867491E+002, 0.0000000E+000,-4.2161664E+001,-4.4539484E+001,-1.1799560E+001,-1.0224763E-002, 1.2597306E-006, 0.0000000E+000, 6.0102302E+001, 6.0163980E+001, 0.0000000E+000, 3.7123126E-003, 0.0000000E+000,-5.9445007E-001
 1.8505041E+001, 1.6474612E+002, 0.0000000E+000,-4.2762684E+001,-4.6933437E+001,-1.1993677E+001,-1.0543497E-002,-3.1217760E-006, 0.0000000E+000, 6.2944340E+001, 6.3045778E+001, 0.0000000E+000, 3.8167555E-003, 0.0000000E+000,-5.9454488E-001
 1.9008360E+001, 1.6740599E+002, 0.0000000E+000,-4.4400713E+001,-4.8570628E+001,-1.2414711E+001,-1.0938581E-002,-9.7306630E-006, 0.0000000E+000, 6.1823412E+001, 6.2008992E+001, 0.0000000E+000, 3.9219271E-003, 0.0000000E+000,-5.9485310E-001
 1.9511677E+001, 1.7360723E+002, 0.0000000E+000,-4.5714624E+001,-5.1723684E+001,-1.2510851E+001,-1.1298579E-002, 7.8963107E-006, 0.0000000E+000, 6.3610340E+001, 6.3646778E+001, 0.0000000E+000, 4.0269592E-003, 0.0000000E+000,-5.9461449E-001
 2.0013737E+001, 1.7633539E+002, 0.0000000E+000,-4.8382486E+001,-5.5592939E+001,-1.2651455E+001,-1.1378738E-002,-5.7793364E-006, 0.0000000E+000, 5.9487587E+001, 5.9697123E+001, 0.0000000E+000, 4.1321004E-003, 0.0000000E+000,-5.9477374E-001
 2.0506990E+001, 1.7813689E+002, 0.0000000E+000,-4.6274841E+001,-5.6504654E+001,-1.3235318E+001,-1.1508745E-002,-5.3268290E-006, 0.0000000E+000, 6.2235492E+001, 6.2110567E+001, 0.0000000E+000, 4.2358042E-003, 0.0000000E+000,-5.9494744E-001
 2.1013166E+001, 1.9238644E+002, 0.0000000E+000,-5.3411425E+001,-6.1581363E+001,-1.3896704E+001,-1.1964471E-002,-4.7320632E-006, 0.0000000E+000, 6.3341853E+001, 6.3484978E+001, 0.0000000E+000, 4.3410346E-003, 0.0000000E+000,-5.9508181E-001
 2.1511690E+001, 1.8710026E+002, 0.0000000E+000,-5.1168800E+001,-6.1899736E+001,-1.4547542E+001,-1.2259043E-002, 6.4813424E-006, 0.0000000E+000, 5.9426634E+001, 5.9471934E+001, 0.0000000E+000, 4.4459262E-003, 0.0000000E+000,-5.9490126E-001
 2.2012724E+001, 1.9525745E+002, 0.0000000E+000,-5.2141151E+001,-6.2836146E+001,-1.4537849E+001,-1.2469619E-002,-4.2341391E-006, 0.0000000E+000, 6.5619345E+001, 6.5729829E+001, 0.0000000E+000, 4.5501218E-003, 0.0000000E+000,-5.9502412E-001
 2.2507170E+001, 1.9988702E+002, 0.0000000E+000,-5.5750134E+001,-7.1784176E+001,-1.4524122E+001,-1.2669223E-002,-3.7611179E-006, 0.0000000E+000, 5.7775403E+001, 5.7815912E+001, 0.0000000E+000, 4.6536684E-003, 0.0000000E+000,-5.9514411E-001
 2.3003147E+001, 2.0279147E+002, 0.0000000E+000,-5.5570232E+001,-7.1299394E+001,-1.4892261E+001,-1.3009020E-002, 1.4654419E-006, 0.0000000E+000, 6.1255600E+001, 6.1016574E+001, 0.0000000E+000, 4.7576737E-003, 0.0000000E+000,-5.9510292E-001
 2.3504490E+001, 2.1022545E+002, 0.0000000E+000,-5.9020228E+001,-7.8612045E+001,-1.6424476E+001,-1.3384828E-002,-3.2873506E-006, 0.0000000E+000, 5.5512152E+001, 5.6155311E+001, 0.0000000E+000, 4.8620465E-003, 0.0000000E+000,-5.9519922E-001
 2.4004005E+001, 2.0720969E+002, 0.0000000E+000,-5.5365969E+001,-8.1302271E+001,-1.7043091E+001,-1.3522402E-002,-6.2547673E-006, 0.0000000E+000, 5.3427589E+001, 5.3484835E+001, 0.0000000E+000, 4.9662983E-003, 0.0000000E+000,-5.9538137E-001
 2.4505558E+001, 2.2708147E+002, 0.0000000E+000,-6.0677128E+001,-8.4208548E+001,-1.7760049E+001,-1.3992904E-002,-5.2406703E-006, 0.0000000E+000, 6.4473652E+001, 6.4421748E+001, 0.0000000E+000, 5.0709338E-003, 0.0000000E+000,-5.9556194E-001
 2.5006939E+001, 2.1663330E+002, 0.0000000E+000,-6.0832644E+001,-8.8168731E+001,-1.7795393E+001,-1.4209655E-002,-6.2165432E-006, 0.0000000E+000, 4.9484503E+001, 4.9822319E+001, 0.0000000E+000, 5.1761371E-003, 0.0000000E+000,-5.9574797E-001
 2.5500425E+001, 2.2566836E+002, 0.0000000E+000,-6.1080106E+001,-8.9697236E+001,-1.7522573E+001,-1.4338096E-002, 4.4454913E-006, 0.0000000E+000, 5.7320757E+001, 5.7354111E+001, 0.0000000E+000, 5.2797170E-003, 0.0000000E+000,-5.9561644E-001
 2.6006699E+001, 2.3319514E+002, 0.0000000E+000,-6.4051281E+001,-8.9757194E+001,-1.8614638E+001,-1.4560529E-002,-1.6989817E-005, 0.0000000E+000, 6.0795655E+001, 6.0757447E+001, 0.0000000E+000, 5.3835566E-003, 0.0000000E+000,-5.9613569E-001
 2.6505749E+001, 2.3086108E+002, 0.0000000E+000,-6.3044793E+001,-9.5174697E+001,-1.9151790E+001,-1.4657396E-002, 1.1933555E-005, 0.0000000E+000, 5.3190704E+001, 5.3475157E+001, 0.0000000E+000, 5.4896836E-003, 0.0000000E+000,-5.9577383E-001
 2.7007299E+001, 2.4129895E+002, 0.0000000E+000,-6.6731544E+001,-9.5036325E+001,-1.9166543E+001,-1.5011690E-002,-1.2251122E-005, 0.0000000E+000, 6.0232205E+001, 6.0349511E+001, 0.0000000E+000, 5.5938704E-003, 0.0000000E+000,-5.9614674E-001
 2.7507088E+001, 2.4038007E+002, 0.0000000E+000,-6.5491871E+001,-9.4274367E+001,-2.0347527E+001,-1.5386183E-002,-2.2754547E-006, 0.0000000E+000, 6.0033306E+001, 6.0250916E+001, 0.0000000E+000, 5.6986437E-003, 0.0000000E+000,-5.9623953E-001
 2.8004335E+001, 2.5441939E+002, 0.0000000E+000,-6.9958888E+001,-1.0990819E+002,-2.1088326E+001,-1.5551602E-002, 1.3512405E-006, 0.0000000E+000, 5.3630837E+001, 5.3448441E+001, 0.0000000E+000, 5.8030564E-003, 0.0000000E+000,-5.9618426E-001
 2.8504078E+001, 2.4321875E+002, 0.0000000E+000,-6.7702520E+001,-1.1259144E+002,-2.0214210E+001,-1.5627158E-002, 1.3515304E-005, 0.0000000E+000, 4.2637570E+001, 4.2694962E+001, 0.0000000E+000, 5.9068756E-003, 0.0000000E+000,-5.9576859E-001
 2.9000389E+001, 2.6355625E+002, 0.0000000E+000,-7.2225700E+001,-1.1851336E+002,-2.0193610E+001,-1.5909685E-002, 2.3604392E-006, 0.0000000E+000, 5.2974464E+001, 5.2607665E+001, 0.0000000E+000, 6.0107821E-003, 0.0000000E+000,-5.9568879E-001
 2.9510464E+001, 2.5941472E+002, 0.0000000E+000,-7.1411280E+001,-1.1656908E+002,-1.9114596E+001,-1.6221710E-002,-2.6762700E-006, 0.0000000E+000, 5.2086564E+001, 5.2303543E+001, 0.0000000E+000, 6.1165802E-003, 0.0000000E+000,-5.9576267E-001
 3.0003139E+001, 2.7442578E+002, 0.0000000E+000,-8.0804248E+001,-1.2145371E+002,-1.9511822E+001,-1.6703742E-002,-2.8379381E-007, 0.0000000E+000, 5.1986355E+001, 5.2639298E+001, 0.0000000E+000, 6.2208844E-003, 0.0000000E+000,-5.9578910E-001
 3.0509214E+001, 2.7339900E+002, 0.0000000E+000,-7.5104794E+001,-1.2706169E+002,-2.1127005E+001,-1.7136940E-002,-3.4632942E-006, 0.0000000E+000, 5.0189709E+001, 5.0088368E+001, 0.0000000E+000, 6.3249050E-003, 0.0000000E+000,-5.9589065E-001
 3.1005684E+001, 2.7558431E+002, 0.0000000E+000,-7.3528927E+001,-1.2976444E+002,-2.3007053E+001,-1.7276874E-002,-1.0407227E-005, 0.0000000E+000, 4.9165633E+001, 4.9266600E+001, 0.0000000E+000, 6.4305327E-003, 0.0000000E+000,-5.9620035E-001
 3.1512316E+001, 2.6739943E+002, 0.0000000E+000,-7.5550641E+001,-1.2990813E+002,-2.3488999E+001,-1.7276539E-002,-2.7018496E-006, 0.0000000E+000, 3.8629770E+001, 3.8434375E+001, 0.0000000E+000, 6.5351612E-003, 0.0000000E+000,-5.9631297E-001
 3.2003498E+001, 2.8587924E+002, 0.0000000E+000,-8.1251306E+001,-1.2896352E+002,-2.2588746E+001,-1.7335153E-002,-4.2981808E-007, 0.0000000E+000, 5.3206869E+001, 5.3058330E+001, 0.0000000E+000, 6.6388371E-003, 0.0000000E+000,-5.9631035E-001
 3.2507671E+001, 2.9108477E+002, 0.0000000E+000,-8.0637455E+001,-1.3470431E+002,-2.1899225E+001,-1.7841297E-002, 1.1946960E-006, 0.0000000E+000, 5.3545326E+001, 5.3825939E+001, 0.0000000E+000, 6.7433612E-003, 0.0000000E+000,-5.9626882E-001
 3.3001514E+001, 3.0377436E+002, 0.0000000E+000,-8.9442549E+001,-1.4051637E+002,-2.2119706E+001,-1.8271176E-002,-1.4344993E-005, 0.0000000E+000, 5.1280107E+001, 5.1677448E+001, 0.0000000E+000, 6.8478392E-003, 0.0000000E+000,-5.9671309E-001
 3.3508713E+001, 2.8747195E+002, 0.0000000E+000,-8.1666685E+001,-1.3725901E+002,-2.2481624E+001,-1.8352967E-002, 7.6597516E-006, 0.0000000E+000, 4.6014656E+001, 4.6046290E+001, 0.0000000E+000, 6.9516868E-003, 0.0000000E+000,-5.9647888E-001
 3.4007076E+001, 3.1235924E+002, 0.0000000E+000,-8.4893886E+001,-1.4619561E+002,-2.3829122E+001,-1.8552970E-002, 4.4087867E-006, 0.0000000E+000, 5.7052789E+001, 5.7422070E+001, 0.0000000E+000, 7.0572975E-003, 0.0000000E+000,-5.9633472E-001
 3.4509239E+001, 3.0220213E+002, 0.0000000E+000,-8.4700344E+001,-1.5335533E+002,-2.4464017E+001,-1.8898808E-002,-4.1878441E-006, 0.0000000E+000, 3.8924470E+001, 3.9663536E+001, 0.0000000E+000, 7.1617590E-003, 0.0000000E+000,-5.9647798E-001
 3.5009789E+001, 2.9841548E+002, 0.0000000E+000,-8.3592253E+001,-1.6088841E+002,-2.5877261E+001,-1.8388765E-002, 1.8447845E-006, 0.0000000E+000, 2.9117025E+001, 2.8039174E+001, 0.0000000E+000, 7.2664485E-003, 0.0000000E+000,-5.9638804E-001
 3.5509884E+001, 3.2801704E+002, 0.0000000E+000,-9.5681022E+001,-1.6021577E+002,-2.5411538E+001,-1.9060266E-002,-2.5315297E-006, 0.0000000E+000, 4.5790279E+001, 4.6689652E+001, 0.0000000E+000, 7.3711249E-003, 0.0000000E+000,-5.9650250E-001
 3.6010536E+001, 3.3149869E+002, 0.0000000E+000,-9.4142433E+001,-1.5627307E+002,-2.5873761E+001,-1.9623048E-002,-4.5599856E-006, 0.0000000E+000, 5.5065983E+001, 5.5189802E+001, 0.0000000E+000, 7.4759484E-003, 0.0000000E+000,-5.9663251E-001
 3.6502193E+001, 3.2849469E+002, 0.0000000E+000,-9.3452147E+001,-1.5442509E+002,-2.6791715E+001,-2.0007158E-002,-8.9620970E-006, 0.0000000E+000, 5.3517539E+001, 5.3805720E+001, 0.0000000E+000, 7.5787708E-003, 0.0000000E+000,-5.9690040E-001
 3.7001373E+001, 3.1409591E+002, 0.0000000E+000,-8.7054944E+001,-1.6656135E+002,-2.8263043E+001,-1.9813302E-002,-1.8736144E-005, 0.0000000E+000, 3.2555742E+001, 3.2196738E+001, 0.0000000E+000, 7.6829202E-003, 0.0000000E+000,-5.9746005E-001
 3.7509991E+001, 3.3876416E+002, 0.0000000E+000,-9.5413750E+001,-1.7037906E+002,-2.7496206E+001,-2.0098743E-002, 1.5530702E-005, 0.0000000E+000, 4.5535865E+001, 4.5455063E+001, 0.0000000E+000, 7.7881569E-003, 0.0000000E+000,-5.9699783E-001
 3.8002308E+001, 3.4469266E+002, 0.0000000E+000,-1.0497851E+002,-1.7384168E+002,-2.6645041E+001,-2.0550779E-002, 7.7405915E-006, 0.0000000E+000, 3.8438392E+001, 3.9206882E+001, 0.0000000E+000, 7.8929555E-003, 0.0000000E+000,-5.9676377E-001
 3.8502605E+001, 3.2366722E+002, 0.0000000E+000,-8.8671721E+001,-1.7771674E+002,-2.6731819E+001,-2.0546256E-002,-1.8774187E-006, 0.0000000E+000, 3.0180519E+001, 3.0526392E+001, 0.0000000E+000, 7.9971165E-003, 0.0000000E+000,-5.9681804E-001
 3.9007256E+001, 3.5012171E+002, 0.0000000E+000,-1.0078410E+002,-1.7868823E+002,-2.8314320E+001,-2.0561386E-002, 4.4449733E-006, 0.0000000E+000, 4.2849349E+001, 4.2314508E+001, 0.0000000E+000, 8.1017034E-003, 0.0000000E+000,-5.9667840E-001
 3.9505775E+001, 3.5433205E+002, 0.0000000E+000,-1.0258484E+002,-1.8003717E+002,-3.0406658E+001,-2.0855525E-002,-1.0551414E-005, 0.0000000E+000, 4.0783602E+001, 4.1282520E+001, 0.0000000E+000, 8.2063500E-003, 0.0000000E+000,-5.9699465E-001
 4.0006035E+001, 3.6166723E+002, 0.0000000E+000,-1.0155675E+002,-1.8519492E+002,-3.1293510E+001,-2.1280322E-002,-5.8907760E-006, 0.0000000E+000, 4.4313644E+001, 4.3600764E+001, 0.0000000E+000, 8.3111510E-003, 0.0000000E+000,-5.9720145E-001
 4.0508121E+001, 3.5869928E+002, 0.0000000E+000,-1.0576581E+002,-1.9523009E+002,-3.0663482E+001,-2.1691971E-002,-6.3438353E-008, 0.0000000E+000, 2.6903328E+001, 2.7018202E+001, 0.0000000E+000, 8.4157629E-003, 0.0000000E+000,-5.9718962E-001
 4.1002232E+001, 3.5612188E+002, 0.0000000E+000,-1.0506219E+002,-2.0376300E+002,-3.1819677E+001,-2.1344949E-002,-1.7980807E-005, 0.0000000E+000, 1.5418573E+001, 1.5455644E+001, 0.0000000E+000, 8.5194235E-003, 0.0000000E+000,-5.9772794E-001
 4.1507145E+001, 3.7593295E+002, 0.0000000E+000,-1.0515282E+002,-1.9813227E+002,-3.1583478E+001,-2.1529195E-002, 1.1721907E-005, 0.0000000E+000, 4.1315653E+001, 4.1042857E+001, 0.0000000E+000, 8.6244557E-003, 0.0000000E+000,-5.9738751E-001
 4.2004089E+001, 3.6755524E+002, 0.0000000E+000,-1.0585059E+002,-2.0123022E+002,-3.2279315E+001,-2.1687346E-002,-9.5938996E-006, 0.0000000E+000, 2.7245871E+001, 2.8173417E+001, 0.0000000E+000, 8.7284291E-003, 0.0000000E+000,-5.9766801E-001
 4.2509415E+001, 3.8480454E+002, 0.0000000E+000,-1.1121255E+002,-2.0066778E+002,-3.0929098E+001,-2.2463831E-002, 1.6154288E-005, 0.0000000E+000, 4.1093351E+001, 4.1972657E+001, 0.0000000E+000, 8.8333005E-003, 0.0000000E+000,-5.9716356E-001
 4.3006294E+001, 3.8469177E+002, 0.0000000E+000,-1.1059899E+002,-1.9230766E+002,-3.1253554E+001,-2.2913748E-002, 2.4097830E-006, 0.0000000E+000, 5.1189292E+001, 5.0508657E+001, 0.0000000E+000, 8.9384729E-003, 0.0000000E+000,-5.9710369E-001
 4.3503147E+001, 4.0150457E+002, 0.0000000E+000,-1.1868552E+002,-2.0374545E+002,-3.2461782E+001,-2.3253684E-002,-9.3366036E-006, 0.0000000E+000, 4.5603204E+001, 4.6588553E+001, 0.0000000E+000, 9.0419719E-003, 0.0000000E+000,-5.9736410E-001
 4.4007530E+001, 3.7569364E+002, 0.0000000E+000,-1.1009702E+002,-2.1265565E+002,-3.1839054E+001,-2.3458716E-002,-9.2799077E-006, 0.0000000E+000, 2.1283873E+001, 2.1078447E+001, 0.0000000E+000, 9.1465891E-003, 0.0000000E+000,-5.9767405E-001
 4.4508286E+001, 3.9485445E+002, 0.0000000E+000,-1.1587217E+002,-2.0398895E+002,-3.1226839E+001,-2.3498129E-002, 1.0486319E-005, 0.0000000E+000, 4.3573044E+001, 4.3743002E+001, 0.0000000E+000, 9.2524362E-003, 0.0000000E+000,-5.9733409E-001
 4.5002579E+001, 3.9902742E+002, 0.0000000E+000,-1.1711709E+002,-2.2051564E+002,-3.1460852E+001,-2.3571742E-002, 1.1523740E-005, 0.0000000E+000, 3.0460496E+001, 2.9910274E+001, 0.0000000E+000, 9.3557899E-003, 0.0000000E+000,-5.9703976E-001
 4.5502075E+001, 4.0214583E+002, 0.0000000E+000,-1.1974953E+002,-2.2443461E+002,-3.3661468E+001,-2.3480651E-002,-2.4225740E-005, 0.0000000E+000, 2.2926202E+001, 2.4276720E+001, 0.0000000E+000, 9.4597211E-003, 0.0000000E+000,-5.9776844E-001
 4.6011505E+001, 3.9921075E+002, 0.0000000E+000,-1.1593914E+002,-2.2610746E+002,-3.5251323E+001,-2.3149049E-002, 6.8872243E-006, 0.0000000E+000, 2.2459407E+001, 2.1889689E+001, 0.0000000E+000, 9.5652637E-003, 0.0000000E+000,-5.9751093E-001
 4.6504818E+001, 4.2844101E+002, 0.0000000E+000,-1.2314095E+002,-2.3417021E+002,-3.5212633E+001,-2.3149798E-002, 1.4189473E-005, 0.0000000E+000, 3.6226660E+001, 3.5894074E+001, 0.0000000E+000, 9.6696738E-003, 0.0000000E+000,-5.9713097E-001
 4.7000927E+001, 4.2790436E+002, 0.0000000E+000,-1.2483767E+002,-2.4761177E+002,-3.4670622E+001,-2.3484984E-002, 1.6387184E-005, 0.0000000E+000, 2.0797942E+001, 2.0760819E+001, 0.0000000E+000, 9.7732490E-003, 0.0000000E+000,-5.9659846E-001
 4.7501781E+001, 4.3029119E+002, 0.0000000E+000,-1.2392830E+002,-2.4182891E+002,-3.3301274E+001,-2.4564403E-002, 1.2144101E-007, 0.0000000E+000, 3.0991315E+001, 3.1208144E+001, 0.0000000E+000, 9.8779403E-003, 0.0000000E+000,-5.9660360E-001
 4.8001015E+001, 4.0683919E+002, 0.0000000E+000,-1.2378425E+002,-2.4521848E+002,-3.4601998E+001,-2.4553289E-002,-2.2763813E-005, 0.0000000E+000, 3.0801979E+000, 3.2098759E+000, 0.0000000E+000, 9.9818286E-003, 0.0000000E+000,-5.9728136E-001
 4.8505070E+001, 4.4077860E+002, 0.0000000E+000,-1.2849565E+002,-2.3572843E+002,-3.6974577E+001,-2.4312146E-002,-2.8214120E-005, 0.0000000E+000, 3.9121918E+001, 3.9555607E+001, 0.0000000E+000, 1.0086555E-002, 0.0000000E+000,-5.9814866E-001
 4.9007896E+001, 4.6089175E+002, 0.0000000E+000,-1.3122142E+002,-2.2167879E+002,-3.8274338E+001,-2.5544415E-002, 1.4536455E-005, 0.0000000E+000, 6.9553836E+001, 6.9691673E+001, 0.0000000E+000, 1.0192346E-002, 0.0000000E+000,-5.9771623E-001
 4.9502499E+001, 4.2274112E+002, 0.0000000E+000,-1.2771342E+002,-2.1983154E+002,-3.6529740E+001,-2.5137263E-002, 5.9663129E-006, 0.0000000E+000, 3.8144665E+001, 3.8641288E+001, 0.0000000E+000, 1.0296389E-002, 0.0000000E+000,-5.9754742E-001
 5.0002522E+001, 4.2950277E+002, 0.0000000E+000,-1.2738149E+002,-2.2800467E+002,-3.5399914E+001,-2.5178072E-002,-5.9045114E-006, 0.0000000E+000, 3.9044643E+001, 3.8691505E+001, 0.0000000E+000, 1.0400102E-002, 0.0000000E+000,-5.9772838E-001
 5.0507259E+001, 4.6257067E+002, 0.0000000E+000,-1.3370101E+002,-2.4005878E+002,-3.5639162E+001,-2.5290610E-002,-6.0033872E-006, 0.0000000E+000, 5.2346405E+001, 5.3146426E+001, 0.0000000E+000, 1.0505501E-002, 0.0000000E+000,-5.9792470E-001
 5.1009262E+001, 4.4511499E+002, 0.0000000E+000,-1.3605936E+002,-2.2775544E+002,-3.6124004E+001,-2.5773120E-002, 3.5150337E-006, 0.0000000E+000, 4.5549760E+001, 4.5150412E+001, 0.0000000E+000, 1.0609802E-002, 0.0000000E+000,-5.9783369E-001
 5.1500095E+001, 4.5563758E+002, 0.0000000E+000,-1.3571470E+002,-2.4259811E+002,-3.8496728E+001,-2.5288148E-002,-4.8194188E-006, 0.0000000E+000, 3.8655163E+001, 3.8802744E+001, 0.0000000E+000, 1.0713804E-002, 0.0000000E+000,-5.9793648E-001
 5.2000294E+001, 4.7714697E+002, 0.0000000E+000,-1.4209496E+002,-2.5330256E+002,-3.9030632E+001,-2.6124816E-002, 4.5110463E-006, 0.0000000E+000, 4.2602594E+001, 4.2692694E+001, 0.0000000E+000, 1.0818384E-002, 0.0000000E+000,-5.9777287E-001
 5.2503277E+001, 4.5284273E+002, 0.0000000E+000,-1.3655714E+002,-2.4789531E+002,-3.9477170E+001,-2.6307917E-002, 3.0509251E-006, 0.0000000E+000, 2.9407416E+001, 2.8886813E+001, 0.0000000E+000, 1.0922362E-002, 0.0000000E+000,-5.9772477E-001
 5.3001301E+001, 4.7140243E+002, 0.0000000E+000,-1.4202856E+002,-2.6019256E+002,-3.9863272E+001,-2.6368801E-002,-1.1394899E-005, 0.0000000E+000, 2.9145721E+001, 2.9291659E+001, 0.0000000E+000, 1.1027304E-002, 0.0000000E+000,-5.9806425E-001
 5.3503662E+001, 4.8027849E+002, 0.0000000E+000,-1.4242953E+002,-2.4672362E+002,-3.8637699E+001,-2.6498174E-002, 2.5451721E-005, 0.0000000E+000, 5.2742435E+001, 5.2461169E+001, 0.0000000E+000, 1.1132352E-002, 0.0000000E+000,-5.9726798E-001
 5.4003128E+001, 4.9621457E+002, 0.0000000E+000,-1.5243696E+002,-2.5840732E+002,-3.9755674E+001,-2.7189217E-002,-2.1864135E-005, 0.0000000E+000, 4.5447730E+001, 4.5587404E+001, 0.0000000E+000, 1.1236886E-002, 0.0000000E+000,-5.9792659E-001
 5.4502529E+001, 4.7749787E+002, 0.0000000E+000,-1.4324201E+002,-2.5776359E+002,-4.0134749E+001,-2.7366319E-002, 1.7392915E-005, 0.0000000E+000, 3.6287585E+001, 3.6330168E+001, 0.0000000E+000, 1.1341325E-002, 0.0000000E+000,-5.9740584E-001
 5.5005829E+001, 5.0386377E+002, 0.0000000E+000,-1.5556704E+002,-2.6866788E+002,-4.0260249E+001,-2.7443850E-002,-1.2728858E-005, 0.0000000E+000, 3.8700238E+001, 3.9341136E+001, 0.0000000E+000, 1.1446106E-002, 0.0000000E+000,-5.9781376E-001
 5.5503338E+001, 4.7836670E+002, 0.0000000E+000,-1.4636564E+002,-2.6083188E+002,-4.3047604E+001,-2.7480340E-002, 6.7330496E-006, 0.0000000E+000, 2.9369864E+001, 2.8094103E+001, 0.0000000E+000, 1.1550006E-002, 0.0000000E+000,-5.9759124E-001
 5.6007702E+001, 4.8224768E+002, 0.0000000E+000,-1.4664616E+002,-2.5756966E+002,-4.4203338E+001,-2.6914689E-002,-3.9152645E-006, 0.0000000E+000, 3.3616411E+001, 3.3801608E+001, 0.0000000E+000, 1.1655001E-002, 0.0000000E+000,-5.9771597E-001
 5.6502048E+001, 5.3945640E+002, 0.0000000E+000,-1.6396347E+002,-2.7325875E+002,-4.2542017E+001,-2.8160181E-002,-8.1888892E-006, 0.0000000E+000, 5.9929644E+001, 5.9663994E+001, 0.0000000E+000, 1.1759436E-002, 0.0000000E+000,-5.9797718E-001
 5.7001907E+001, 4.7994473E+002, 0.0000000E+000,-1.4564590E+002,-2.7267107E+002,-4.4720700E+001,-2.7308037E-002,-1.6765137E-005, 0.0000000E+000, 1.6206745E+001, 1.6879736E+001, 0.0000000E+000, 1.1863385E-002, 0.0000000E+000,-5.9846218E-001
 5.7508404E+001, 5.1522944E+002, 0.0000000E+000,-1.6271731E+002,-2.7601007E+002,-4.4159248E+001,-2.7497403E-002, 3.0585223E-005, 0.0000000E+000, 3.3294155E+001, 3.2315346E+001, 0.0000000E+000, 1.1968507E-002, 0.0000000E+000,-5.9752254E-001
 5.8002449E+001, 5.1751038E+002, 0.0000000E+000,-1.6239293E+002,-2.7906084E+002,-4.4644132E+001,-2.7834457E-002,-1.7814806E-005, 0.0000000E+000, 2.9799254E+001, 3.1384629E+001, 0.0000000E+000, 1.2073440E-002, 0.0000000E+000,-5.9808338E-001
 5.8510220E+001, 5.2201973E+002, 0.0000000E+000,-1.6007383E+002,-2.8856905E+002,-4.5564430E+001,-2.7326337E-002, 4.5366465E-006, 0.0000000E+000, 2.6869371E+001, 2.7785095E+001, 0.0000000E+000, 1.2177581E-002, 0.0000000E+000,-5.9793406E-001
 5.9001343E+001, 5.5893265E+002, 0.0000000E+000,-1.6686160E+002,-2.8441293E+002,-4.5307144E+001,-2.9659613E-002, 9.7251663E-006, 0.0000000E+000, 6.3103507E+001, 6.2321324E+001, 0.0000000E+000, 1.2282028E-002, 0.0000000E+000,-5.9765208E-001
 5.9506386E+001, 5.2577387E+002, 0.0000000E+000,-1.6396881E+002,-2.8701571E+002,-4.5408667E+001,-3.0031044E-002, 1.5191417E-005, 0.0000000E+000, 2.9782996E+001, 2.9350666E+001, 0.0000000E+000, 1.2386503E-002, 0.0000000E+000,-5.9720156E-001
 6.0001122E+001, 5.1872755E+002, 0.0000000E+000,-1.6507602E+002,-3.0356139E+002,-4.4168782E+001,-2.9981291E-002, 4.4865910E-007, 0.0000000E+000, 5.3513861E+000, 5.8913795E+000, 0.0000000E+000, 1.2490491E-002, 0.0000000E+000,-5.9715861E-001
 6.0504814E+001, 5.4814952E+002, 0.0000000E+000,-1.7501042E+002,-3.1353951E+002,-4.5131160E+001,-2.9661646E-002,-4.2457514E-006, 0.0000000E+000, 1.4697974E+001, 1.4438763E+001, 0.0000000E+000, 1.2595103E-002, 0.0000000E+000,-5.9729018E-001
 6.1009609E+001, 5.1864827E+002, 0.0000000E+000,-1.6426369E+002,-3.0869906E+002,-4.7515898E+001,-2.9177363E-002,-2.3139713E-005, 0.0000000E+000,-3.0345978E+000,-1.8595732E+000, 0.0000000E+000, 1.2700617E-002, 0.0000000E+000,-5.9801291E-001
 6.1507133E+001, 5.9061594E+002, 0.0000000E+000,-1.8191092E+002,-3.0630140E+002,-4.7912808E+001,-2.9781351E-002, 4.9732791E-005, 0.0000000E+000, 5.5130508E+001, 5.4461081E+001, 0.0000000E+000, 1.2804752E-002, 0.0000000E+000,-5.9648972E-001
 6.2003323E+001, 5.4631469E+002, 0.0000000E+000,-1.6692891E+002,-2.9136484E+002,-4.7824856E+001,-2.9634723E-002, 7.0284781E-007, 0.0000000E+000, 4.0372003E+001, 4.0166451E+001, 0.0000000E+000, 1.2909037E-002, 0.0000000E+000,-5.9648499E-001
 6.2505013E+001, 5.4909553E+002, 0.0000000E+000,-1.7480339E+002,-3.0747899E+002,-4.5398518E+001,-2.9821579E-002, 3.8377919E-006, 0.0000000E+000, 2.2411032E+001, 2.1384817E+001, 0.0000000E+000, 1.3013979E-002, 0.0000000E+000,-5.9635770E-001
 6.3006569E+001, 5.6117947E+002, 0.0000000E+000,-1.8191956E+002,-3.3117423E+002,-4.5522991E+001,-3.0384810E-002,-2.1246437E-005, 0.0000000E+000, 1.9272825E+000, 2.5322779E+000, 0.0000000E+000, 1.3118303E-002, 0.0000000E+000,-5.9701069E-001
 6.3507267E+001, 5.6658517E+002, 0.0000000E+000,-1.8222693E+002,-3.3120276E+002,-4.6515197E+001,-3.1257918E-002, 8.5104244E-006, 0.0000000E+000, 5.0356387E+000, 6.6090343E+000, 0.0000000E+000, 1.3222852E-002, 0.0000000E+000,-5.9671789E-001
 6.4007660E+001, 5.5833510E+002, 0.0000000E+000,-1.7511295E+002,-3.3598074E+002,-4.9426225E+001,-3.0346045E-002, 2.5345857E-006, 0.0000000E+000,-4.1407367E-003,-2.2151543E+000, 0.0000000E+000, 1.3327370E-002, 0.0000000E+000,-5.9667697E-001
 6.4504440E+001, 5.9150523E+002, 0.0000000E+000,-1.9194790E+002,-3.3696009E+002,-4.9912685E+001,-3.1383604E-002,-3.7909528E-006, 0.0000000E+000, 1.2196144E+001, 1.2653180E+001, 0.0000000E+000, 1.3431620E-002, 0.0000000E+000,-5.9676845E-001
 6.5007904E+001, 5.6615294E+002, 0.0000000E+000,-1.7868158E+002,-3.2333739E+002,-4.8820721E+001,-3.1067234E-002, 2.9369709E-005, 0.0000000E+000, 1.5464866E+001, 1.5282208E+001, 0.0000000E+000, 1.3536188E-002, 0.0000000E+000,-5.9588045E-001
 6.5507774E+001, 5.7143959E+002, 0.0000000E+000,-1.8722881E+002,-3.1280339E+002,-4.8317576E+001,-2.9820045E-002, 2.9790105E-006, 0.0000000E+000, 2.2870105E+001, 2.3059999E+001, 0.0000000E+000, 1.3641415E-002, 0.0000000E+000,-5.9575556E-001
 6.6002739E+001, 6.1026573E+002, 0.0000000E+000,-1.9278630E+002,-3.2852587E+002,-4.9006152E+001,-3.1299445E-002,-2.8911656E-005, 0.0000000E+000, 3.8636509E+001, 3.9916086E+001, 0.0000000E+000, 1.3745069E-002, 0.0000000E+000,-5.9666778E-001
 6.6504929E+001, 5.8449368E+002, 0.0000000E+000,-1.8761378E+002,-3.3111791E+002,-4.9310535E+001,-3.0479935E-002, 6.3609242E-006, 0.0000000E+000, 1.5541109E+001, 1.6420981E+001, 0.0000000E+000, 1.3849377E-002, 0.0000000E+000,-5.9648816E-001
 6.7002678E+001, 6.2131510E+002, 0.0000000E+000,-1.8989332E+002,-3.2237866E+002,-5.0606084E+001,-3.1715954E-002,-8.7120710E-006, 0.0000000E+000, 5.8290107E+001, 5.8405314E+001, 0.0000000E+000, 1.3953988E-002, 0.0000000E+000,-5.9674195E-001
 6.7505318E+001, 6.0740539E+002, 0.0000000E+000,-1.9887308E+002,-3.0341959E+002,-4.9863701E+001,-3.2804546E-002, 1.6089356E-005, 0.0000000E+000, 5.5940306E+001, 5.5216230E+001, 0.0000000E+000, 1.4058536E-002, 0.0000000E+000,-5.9620883E-001
 6.8009995E+001, 6.0480534E+002, 0.0000000E+000,-2.0397825E+002,-3.1776778E+002,-4.9636695E+001,-3.3106250E-002,-1.1771403E-005, 0.0000000E+000, 3.2029624E+001, 3.3389498E+001, 0.0000000E+000, 1.4163442E-002, 0.0000000E+000,-5.9659820E-001
 6.8506645E+001, 5.9746448E+002, 0.0000000E+000,-1.9124962E+002,-3.3184058E+002,-5.0713972E+001,-3.3013407E-002, 9.1753880E-006, 0.0000000E+000, 2.4819717E+001, 2.3627297E+001, 0.0000000E+000, 1.4268528E-002, 0.0000000E+000,-5.9632779E-001
 6.9004395E+001, 5.8857469E+002, 0.0000000E+000,-1.9229619E+002,-3.3978627E+002,-5.1357905E+001,-3.1870309E-002,-2.6742647E-006, 0.0000000E+000, 4.8539395E+000, 5.1024462E+000, 0.0000000E+000, 1.4371965E-002, 0.0000000E+000,-5.9636728E-001
 6.9507057E+001, 6.1636598E+002, 0.0000000E+000,-1.9580212E+002,-3.6427697E+002,-5.4932886E+001,-3.1290930E-002,-1.6709714E-005, 0.0000000E+000, 2.5424609E-001, 1.3226943E+000, 0.0000000E+000, 1.4476503E-002, 0.0000000E+000,-5.9691236E-001
 7.0008881E+001, 6.8098678E+002, 0.0000000E+000,-2.0977443E+002,-3.7129754E+002,-5.5884132E+001,-3.3239457E-002, 2.3440812E-005, 0.0000000E+000, 4.5584620E+001, 4.3997463E+001, 0.0000000E+000, 1.4582017E-002, 0.0000000E+000,-5.9620314E-001
 7.0508957E+001, 6.1881412E+002, 0.0000000E+000,-1.9971949E+002,-3.5532297E+002,-5.6807162E+001,-3.2954129E-002,-8.8015925E-006, 0.0000000E+000, 7.0815458E+000, 6.9315325E+000, 0.0000000E+000, 1.4686039E-002, 0.0000000E+000,-5.9647842E-001
 7.1001930E+001, 6.2947639E+002, 0.0000000E+000,-2.0675917E+002,-3.4124179E+002,-5.3597384E+001,-3.3349765E-002, 1.3331908E-005, 0.0000000E+000, 2.7287908E+001, 2.7844707E+001, 0.0000000E+000, 1.4790005E-002, 0.0000000E+000,-5.9606519E-001
 7.1509460E+001, 6.0153555E+002, 0.0000000E+000,-1.9949862E+002,-3.3198582E+002,-5.2414525E+001,-3.3089223E-002,-1.3576665E-005, 0.0000000E+000, 1.8302934E+001, 1.7603470E+001, 0.0000000E+000, 1.4894650E-002, 0.0000000E+000,-5.9646644E-001
 7.2004646E+001, 6.1235450E+002, 0.0000000E+000,-2.0616826E+002,-3.2944493E+002,-5.1454659E+001,-3.2345617E-002, 1.9621509E-005, 0.0000000E+000, 2.3586642E+001, 2.5254322E+001, 0.0000000E+000, 1.4999767E-002, 0.0000000E+000,-5.9588604E-001
 7.2506424E+001, 6.9300224E+002, 0.0000000E+000,-2.2269035E+002,-3.5729494E+002,-5.5251771E+001,-3.4235418E-002,-2.3320789E-005, 0.0000000E+000, 5.8265611E+001, 5.7730913E+001, 0.0000000E+000, 1.5103293E-002, 0.0000000E+000,-5.9660264E-001
 7.3005226E+001, 6.1787240E+002, 0.0000000E+000,-2.0613519E+002,-3.5868413E+002,-5.4999263E+001,-3.3601309E-002, 2.7114231E-005, 0.0000000E+000,-2.7126848E+000,-1.9797612E+000, 0.0000000E+000, 1.5208439E-002, 0.0000000E+000,-5.9576637E-001
 7.3505630E+001, 6.7704769E+002, 0.0000000E+000,-2.1645539E+002,-3.8548639E+002,-5.7211771E+001,-3.2879663E-002,-1.3166606E-005, 0.0000000E+000, 1.8455066E+001, 1.7861243E+001, 0.0000000E+000, 1.5312521E-002, 0.0000000E+000,-5.9616455E-001
 7.4007950E+001, 6.8551458E+002, 0.0000000E+000,-2.2430554E+002,-3.6903502E+002,-5.8140269E+001,-3.3497136E-002,-2.6125753E-006, 0.0000000E+000, 3.2996403E+001, 3.4000250E+001, 0.0000000E+000, 1.5417257E-002, 0.0000000E+000,-5.9626326E-001
 7.4506111E+001, 6.3989291E+002, 0.0000000E+000,-2.1565725E+002,-3.6310732E+002,-5.7253084E+001,-3.4154834E-002,-3.1921408E-007, 0.0000000E+000, 3.0710997E+000, 3.8410937E+000, 0.0000000E+000, 1.5522268E-002, 0.0000000E+000,-5.9626781E-001
 7.5007500E+001, 6.8706247E+002, 0.0000000E+000,-2.2459149E+002,-3.9111419E+002,-5.6862389E+001,-3.4902719E-002, 1.9019495E-005, 0.0000000E+000, 1.5278063E+001, 1.4459529E+001, 0.0000000E+000, 1.5626520E-002, 0.0000000E+000,-5.9570170E-001
 7.5505356E+001, 6.8416432E+002, 0.0000000E+000,-2.3062276E+002,-4.2111134E+002,-5.8288002E+001,-3.4073702E-002,-2.8057340E-005, 0.0000000E+000,-2.6786878E+001,-2.5891884E+001, 0.0000000E+000, 1.5730981E-002, 0.0000000E+000,-5.9651933E-001
 7.6010506E+001, 6.8227137E+002, 0.0000000E+000,-2.2747519E+002,-4.1086768E+002,-5.7098711E+001,-3.5500538E-002, 7.9150585E-006, 0.0000000E+000,-1.3185477E+001,-1.3205703E+001, 0.0000000E+000, 1.5835782E-002, 0.0000000E+000,-5.9628022E-001
 7.6502045E+001, 6.8215131E+002, 0.0000000E+000,-2.2557624E+002,-3.8521233E+002,-5.4554838E+001,-3.4898770E-002, 4.5263989E-005, 0.0000000E+000, 1.6376526E+001, 1.6773050E+001, 0.0000000E+000, 1.5939744E-002, 0.0000000E+000,-5.9488446E-001
 7.7000778E+001, 6.7075215E+002, 0.0000000E+000,-2.1987634E+002,-4.0034348E+002,-5.5061557E+001,-3.4485106E-002,-1.2763161E-005, 0.0000000E+000,-4.3797399E+000,-4.5637278E+000, 0.0000000E+000, 1.6043541E-002, 0.0000000E+000,-5.9528283E-001
 7.7502609E+001, 7.3059854E+002, 0.0000000E+000,-2.5088194E+002,-3.8874880E+002,-5.5189223E+001,-3.4937147E-002, 5.1413129E-006, 0.0000000E+000, 3.4484687E+001, 3.5743648E+001, 0.0000000E+000, 1.6148241E-002, 0.0000000E+000,-5.9515421E-001
 7.8009445E+001, 6.8271438E+002, 0.0000000E+000,-2.2332876E+002,-3.8928708E+002,-5.6058072E+001,-3.5608755E-002, 3.5976846E-009, 0.0000000E+000, 1.3490160E+001, 1.4004861E+001, 0.0000000E+000, 1.6252996E-002, 0.0000000E+000,-5.9514577E-001
 7.8507622E+001, 6.8818928E+002, 0.0000000E+000,-2.2728059E+002,-3.9927351E+002,-5.5903652E+001,-3.6099849E-002, 6.8629509E-006, 0.0000000E+000, 6.5150601E+000, 5.6954364E+000, 0.0000000E+000, 1.6358693E-002, 0.0000000E+000,-5.9490034E-001
 7.9001694E+001, 7.0007840E+002, 0.0000000E+000,-2.3333301E+002,-4.0426027E+002,-5.4405032E+001,-3.6375350E-002,-1.1532044E-005, 0.0000000E+000, 7.3748621E+000, 8.0436989E+000, 0.0000000E+000, 1.6462282E-002, 0.0000000E+000,-5.9526160E-001
 7.9505325E+001, 7.0538527E+002, 0.0000000E+000,-2.3109459E+002,-3.8266963E+002,-5.5700407E+001,-3.5654386E-002, 1.7710916E-005, 0.0000000E+000, 3.5322768E+001, 3.5885002E+001, 0.0000000E+000, 1.6566621E-002, 0.0000000E+000,-5.9463407E-001
 8.0007225E+001, 7.4171375E+002, 0.0000000E+000,-2.4023142E+002,-3.9327699E+002,-5.6659100E+001,-3.5972001E-002, 1.2049689E-005, 0.0000000E+000, 5.2497249E+001, 5.1510287E+001, 0.0000000E+000, 1.6671312E-002, 0.0000000E+000,-5.9432112E-001
 8.0508827E+001, 7.1902271E+002, 0.0000000E+000,-2.4408665E+002,-3.9485269E+002,-5.7014947E+001,-3.6425089E-002,-5.1060126E-005, 0.0000000E+000, 2.1199342E+001, 2.3031947E+001, 0.0000000E+000, 1.6776968E-002, 0.0000000E+000,-5.9586554E-001
 8.1009308E+001, 7.4078341E+002, 0.0000000E+000,-2.3655477E+002,-3.7937429E+002,-5.7054985E+001,-3.7089736E-002, 2.2581060E-005, 0.0000000E+000, 6.8765336E+001, 6.7762295E+001, 0.0000000E+000, 1.6881335E-002, 0.0000000E+000,-5.9517411E-001
 8.1500160E+001, 7.0726099E+002, 0.0000000E+000,-2.3474647E+002,-3.7469688E+002,-5.7327147E+001,-3.6537638E-002, 1.5995239E-005, 0.0000000E+000, 4.0170050E+001, 4.0453971E+001, 0.0000000E+000, 1.6984634E-002, 0.0000000E+000,-5.9469471E-001
 8.2005852E+001, 7.0384580E+002, 0.0000000E+000,-2.4694450E+002,-3.5706130E+002,-5.8148111E+001,-3.6627476E-002,-4.5061429E-006, 0.0000000E+000, 4.1278596E+001, 4.1655259E+001, 0.0000000E+000, 1.7089005E-002, 0.0000000E+000,-5.9482977E-001
 8.2506508E+001, 7.5086998E+002, 0.0000000E+000,-2.5558017E+002,-4.0942560E+002,-6.3852201E+001,-3.7479545E-002,-4.4793024E-005, 0.0000000E+000, 2.2066690E+001, 2.1974478E+001, 0.0000000E+000, 1.7193614E-002, 0.0000000E+000,-5.9615852E-001
 8.3003357E+001, 7.6058742E+002, 0.0000000E+000,-2.5574544E+002,-4.0171002E+002,-6.7471214E+001,-3.7468978E-002, 2.5821828E-005, 0.0000000E+000, 3.5242663E+001, 3.5623308E+001, 0.0000000E+000, 1.7298509E-002, 0.0000000E+000,-5.9544005E-001
 8.3505302E+001, 7.5282471E+002, 0.0000000E+000,-2.6061945E+002,-3.7696558E+002,-6.5203287E+001,-3.7396478E-002,-9.1003755E-006, 0.0000000E+000, 5.0086742E+001, 4.9998987E+001, 0.0000000E+000, 1.7402625E-002, 0.0000000E+000,-5.9573780E-001
 8.4005699E+001, 7.3945431E+002, 0.0000000E+000,-2.5756855E+002,-4.0057589E+002,-6.3143934E+001,-3.8500768E-002, 1.2228211E-005, 0.0000000E+000, 1.8323128E+001, 1.8127449E+001, 0.0000000E+000, 1.7507428E-002, 0.0000000E+000,-5.9533321E-001
 8.4502975E+001, 7.6281940E+002, 0.0000000E+000,-2.7190797E+002,-4.3280063E+002,-6.3727319E+001,-3.8726509E-002,-1.9610913E-005, 0.0000000E+000,-6.5804474E+000,-5.6552747E+000, 0.0000000E+000, 1.7611825E-002, 0.0000000E+000,-5.9594020E-001
 8.5005844E+001, 7.6043548E+002, 0.0000000E+000,-2.6371845E+002,-4.3195054E+002,-6.6760380E+001,-3.8182261E-002, 2.3889164E-007, 0.0000000E+000,-1.6619040E+000,-2.0320798E+000, 0.0000000E+000, 1.7716308E-002, 0.0000000E+000,-5.9598280E-001
 8.5505325E+001, 7.3037210E+002, 0.0000000E+000,-2.5937715E+002,-4.0782383E+002,-6.7469347E+001,-3.6731054E-002, 9.2076417E-006, 0.0000000E+000,-4.2087135E+000,-4.3349424E+000, 0.0000000E+000, 1.7821035E-002, 0.0000000E+000,-5.9567102E-001
 8.6002518E+001, 7.8318240E+002, 0.0000000E+000,-2.7768160E+002,-4.4128211E+002,-6.4759162E+001,-3.8006460E-002, 1.6999804E-005, 0.0000000E+000,-1.7036757E+000,-5.7845671E-001, 0.0000000E+000, 1.7924993E-002, 0.0000000E+000,-5.9511515E-001
 8.6504570E+001, 7.6427996E+002, 0.0000000E+000,-2.6251071E+002,-4.5971140E+002,-6.4009399E+001,-3.6832027E-002, 1.0825734E-005, 0.0000000E+000,-2.1071339E+001,-2.1988373E+001, 0.0000000E+000, 1.8029560E-002, 0.0000000E+000,-5.9480284E-001
 8.7002075E+001, 7.9031337E+002, 0.0000000E+000,-2.8661464E+002,-4.5204454E+002,-6.4956418E+001,-3.8867879E-002,-2.6170682E-005, 0.0000000E+000,-1.4234394E+001,-1.3341121E+001, 0.0000000E+000, 1.8134483E-002, 0.0000000E+000,-5.9560190E-001
 8.7507683E+001, 7.8011263E+002, 0.0000000E+000,-2.8054858E+002,-4.2182189E+002,-6.5821578E+001,-3.8084740E-002, 1.9106192E-005, 0.0000000E+000, 1.1447408E+001, 1.1882510E+001, 0.0000000E+000, 1.8238594E-002, 0.0000000E+000,-5.9499464E-001
 8.8002678E+001, 7.8628753E+002, 0.0000000E+000,-2.8500831E+002,-4.3222528E+002,-6.6606776E+001,-3.8421407E-002,-9.0163084E-006, 0.0000000E+000, 2.2637823E+000, 2.4087424E+000, 0.0000000E+000, 1.8343775E-002, 0.0000000E+000,-5.9527497E-001
 8.8500519E+001, 7.8543930E+002, 0.0000000E+000,-2.8103232E+002,-4.3032171E+002,-6.6884362E+001,-3.7437088E-002, 3.2305669E-007, 0.0000000E+000, 6.4572448E+000, 7.1634721E+000, 0.0000000E+000, 1.8447447E-002, 0.0000000E+000,-5.9528709E-001
 8.9006157E+001, 8.0735021E+002, 0.0000000E+000,-2.9057478E+002,-4.3524947E+002,-6.6954605E+001,-3.8966969E-002, 9.7843457E-006, 0.0000000E+000, 1.5060240E+001, 1.4532399E+001, 0.0000000E+000, 1.8551930E-002, 0.0000000E+000,-5.9495130E-001
 8.9504051E+001, 8.0464195E+002, 0.0000000E+000,-2.8893819E+002,-4.5143003E+002,-6.6931785E+001,-3.8245623E-002,-1.3361468E-005, 0.0000000E+000,-4.7927378E+000,-2.6963136E+000, 0.0000000E+000, 1.8657103E-002, 0.0000000E+000,-5.9542343E-001
 9.0006889E+001, 8.0222679E+002, 0.0000000E+000,-2.8319087E+002,-4.7411127E+002,-6.7806885E+001,-3.8224317E-002,-7.7557472E-006, 0.0000000E+000,-2.2696271E+001,-2.2920465E+001, 0.0000000E+000, 1.8761455E-002, 0.0000000E+000,-5.9568370E-001
 9.0503265E+001, 8.4569991E+002, 0.0000000E+000,-2.9110264E+002,-4.4866021E+002,-6.3301077E+001,-4.0322750E-002, 4.0971230E-005, 0.0000000E+000, 4.3436571E+001, 4.2595696E+001, 0.0000000E+000, 1.8865946E-002, 0.0000000E+000,-5.9436189E-001
 9.1009689E+001, 7.8195206E+002, 0.0000000E+000,-2.8585012E+002,-4.4392713E+002,-6.1425853E+001,-3.8449795E-002,-9.8820068E-006, 0.0000000E+000,-1.1502853E+001,-9.2894986E+000, 0.0000000E+000, 1.8971123E-002, 0.0000000E+000,-5.9467016E-001
 9.1505081E+001, 8.4293485E+002, 0.0000000E+000,-2.8907067E+002,-4.5999186E+002,-6.2312832E+001,-4.0766300E-002,-6.8605738E-006, 0.0000000E+000, 3.1640434E+001, 3.1518708E+001, 0.0000000E+000, 1.9075251E-002, 0.0000000E+000,-5.9489740E-001
 9.2006630E+001, 8.2627798E+002, 0.0000000E+000,-2.9066699E+002,-4.6067465E+002,-6.3496654E+001,-4.0571720E-002,-2.9274984E-005, 0.0000000E+000, 1.1194803E+001, 1.1399089E+001, 0.0000000E+000, 1.9179415E-002, 0.0000000E+000,-5.9578884E-001
 9.2506142E+001, 8.5403628E+002, 0.0000000E+000,-2.9427147E+002,-4.5170886E+002,-6.6118648E+001,-4.1908219E-002,-1.4120995E-006, 0.0000000E+000, 4.0923602E+001, 4.1895393E+001, 0.0000000E+000, 1.9284540E-002, 0.0000000E+000,-5.9585900E-001
 9.3001320E+001, 7.4972000E+002, 0.0000000E+000,-2.7243272E+002,-4.2229866E+002,-6.5381268E+001,-4.0279262E-002, 7.4512750E-006, 0.0000000E+000,-9.7646907E+000,-1.0432913E+001, 0.0000000E+000, 1.9388325E-002, 0.0000000E+000,-5.9561588E-001
 9.3503441E+001, 8.4585259E+002, 0.0000000E+000,-2.9289714E+002,-4.7372541E+002,-6.7905394E+001,-3.9372309E-002, 1.4757005E-005, 0.0000000E+000, 1.1201401E+001, 1.1285279E+001, 0.0000000E+000, 1.9492134E-002, 0.0000000E+000,-5.9517336E-001
 9.4001686E+001, 8.2717275E+002, 0.0000000E+000,-2.9097231E+002,-4.7077294E+002,-6.6204029E+001,-3.9716080E-002,-3.0780286E-006, 0.0000000E+000,-4.5982178E-001,-8.1625237E-001, 0.0000000E+000, 1.9597129E-002, 0.0000000E+000,-5.9525646E-001
 9.4507568E+001, 8.8333616E+002, 0.0000000E+000,-3.0917548E+002,-4.6875700E+002,-6.6802826E+001,-4.0820722E-002, 2.6252181E-006, 0.0000000E+000, 3.7527702E+001, 3.8560042E+001, 0.0000000E+000, 1.9702088E-002, 0.0000000E+000,-5.9514227E-001
 9.5004349E+001, 8.0756462E+002, 0.0000000E+000,-2.8946796E+002,-4.3377679E+002,-6.9366979E+001,-3.9274953E-002,-2.4193847E-005, 0.0000000E+000, 1.4736005E+001, 1.4913602E+001, 0.0000000E+000, 1.9806446E-002, 0.0000000E+000,-5.9592280E-001
 9.5506683E+001, 8.5505991E+002, 0.0000000E+000,-3.0811380E+002,-4.4217828E+002,-7.1608275E+001,-4.0293668E-002, 4.1065707E-006, 0.0000000E+000, 3.2656261E+001, 3.3119262E+001, 0.0000000E+000, 1.9911183E-002, 0.0000000E+000,-5.9582606E-001
 9.6008202E+001, 8.3360966E+002, 0.0000000E+000,-3.0254583E+002,-4.7285026E+002,-7.0105066E+001,-4.0614174E-002,-1.3939750E-005, 0.0000000E+000,-1.4188535E+001,-1.1932126E+001, 0.0000000E+000, 2.0016206E-002, 0.0000000E+000,-5.9630492E-001
 9.6501190E+001, 8.6918787E+002, 0.0000000E+000,-3.0643790E+002,-4.9056954E+002,-6.8426264E+001,-4.1443766E-002, 9.4208809E-006, 0.0000000E+000, 4.0021235E+000, 3.7127337E+000, 0.0000000E+000, 2.0119926E-002, 0.0000000E+000,-5.9591431E-001
 9.7003456E+001, 9.1707885E+002, 0.0000000E+000,-3.2348839E+002,-5.0678801E+002,-6.7031727E+001,-4.2323162E-002, 2.5613581E-006, 0.0000000E+000, 2.0321676E+001, 1.9728403E+001, 0.0000000E+000, 2.0224036E-002, 0.0000000E+000,-5.9582619E-001
 9.7504211E+001, 8.3450277E+002, 0.0000000E+000,-3.0645723E+002,-4.6934361E+002,-6.9135043E+001,-4.0515737E-002,-7.9477083E-006, 0.0000000E+000,-1.2723152E+001,-1.0473636E+001, 0.0000000E+000, 2.0328950E-002, 0.0000000E+000,-5.9614812E-001
 9.8007301E+001, 9.0119420E+002, 0.0000000E+000,-3.2228651E+002,-4.8444806E+002,-6.9351690E+001,-4.0702069E-002, 2.6124097E-005, 0.0000000E+000, 2.5885324E+001, 2.5067267E+001, 0.0000000E+000, 2.0433372E-002, 0.0000000E+000,-5.9526976E-001
 9.8502182E+001, 9.2496406E+002, 0.0000000E+000,-3.2229406E+002,-4.8975499E+002,-6.9303130E+001,-4.2371083E-002, 1.6532254E-005, 0.0000000E+000, 4.3884022E+001, 4.3569529E+001, 0.0000000E+000, 2.0538465E-002, 0.0000000E+000,-5.9478540E-001
 9.9000031E+001, 8.5480573E+002, 0.0000000E+000,-3.2011680E+002,-4.5706819E+002,-6.8853024E+001,-4.2266032E-002, 2.9552946E-006, 0.0000000E+000, 8.2080880E+000, 8.7254548E+000, 0.0000000E+000, 2.0641680E-002, 0.0000000E+000,-5.9470204E-001
 9.9509514E+001, 8.9798384E+002, 0.0000000E+000,-3.1799547E+002,-4.9450595E+002,-7.1453735E+001,-4.2783014E-002,-8.9026621E-006, 0.0000000E+000, 1.4787384E+001, 1.3985895E+001, 0.0000000E+000, 2.0747072E-002, 0.0000000E+000,-5.9502272E-001
 1.0000433E+002, 8.3999475E+002, 0.0000000E+000,-3.1239664E+002,-4.7315756E+002,-6.6860019E+001,-4.1653766E-002, 8.4214708E-006, 0.0000000E+000,-1.3400254E+001,-1.2461114E+001, 0.0000000E+000, 2.0852078E-002, 0.0000000E+000,-5.9472630E-001
 1.0050104E+002, 8.8406736E+002, 0.0000000E+000,-3.2059027E+002,-4.9403700E+002,-6.7510051E+001,-4.2197307E-002,-4.7453634E-005, 0.0000000E+000, 1.3826957E-001, 1.8877919E+000, 0.0000000E+000, 2.0901895E-002, 0.0000000E+000,-5.9621796E-001
 1.0100101E+002, 9.2956442E+002, 0.0000000E+000,-3.3646718E+002,-4.9521949E+002,-7.3133939E+001,-4.1536805E-002, 2.0142828E-005, 0.0000000E+000, 2.5504781E+001, 2.4702300E+001, 0.0000000E+000, 2.0901895E-002, 0.0000000E+000,-5.9553152E-001
 1.0150587E+002, 9.5230184E+002, 0.0000000E+000,-3.4162583E+002,-5.1305500E+002,-7.4061993E+001,-4.2347798E-002,-1.5030952E-005, 0.0000000E+000, 2.0745848E+001, 2.3516651E+001, 0.0000000E+000, 2.0901895E-002, 0.0000000E+000,-5.9597697E-001
 1.0200701E+002, 8.4111391E+002, 0.0000000E+000,-3.1127368E+002,-4.9993757E+002,-7.2078170E+001,-4.1623506E-002,-1.9135976E-007, 0.0000000E+000,-4.1384289E+001,-4.2217130E+001, 0.0000000E+000, 2.0901895E-002, 0.0000000E+000,-5.9597603E-001
 1.0250822E+002, 9.2663207E+002, 0.0000000E+000,-3.2999440E+002,-5.2327265E+002,-7.0337652E+001,-4.2690548E-002,-6.3085519E-006, 0.0000000E+000, 2.2798704E+000, 2.9846694E+000, 0.0000000E+000, 2.0901895E-002, 0.0000000E+000,-5.9622236E-001
 1.0300337E+002, 9.1859511E+002, 0.0000000E+000,-3.2929374E+002,-4.9595811E+002,-7.0464234E+001,-4.1132498E-002, 2.1748684E-007, 0.0000000E+000, 2.2329138E+001, 2.2837893E+001, 0.0000000E+000, 2.0901895E-002, 0.0000000E+000,-5.9617279E-001
 1.0350887E+002, 8.8085240E+002, 0.0000000E+000,-3.2161044E+002,-5.1689080E+002,-7.2205825E+001,-4.0480284E-002,-7.5537805E-006, 0.0000000E+000,-2.9275676E+001,-2.9895150E+001, 0.0000000E+000, 2.0901895E-002, 0.0000000E+000,-5.9644851E-001
 1.0400961E+002, 8.7743044E+002, 0.0000000E+000,-3.1925785E+002,-5.0075243E+002,-7.1798012E+001,-4.1204209E-002, 3.6274536E-006, 0.0000000E+000,-1.6703283E+001,-1.4419048E+001, 0.0000000E+000, 2.0901895E-002, 0.0000000E+000,-5.9634690E-001
 1.0450589E+002, 9.0858108E+002, 0.0000000E+000,-3.1680902E+002,-4.8339880E+002,-6.8400884E+001,-4.1939105E-002, 1.9747648E-005, 0.0000000E+000, 4.2175402E+001, 3.9930457E+001, 0.0000000E+000, 2.0901895E-002, 0.0000000E+000,-5.9572231E-001
 1.0500861E+002, 9.8137283E+002, 0.0000000E+000,-3.4177316E+002,-4.8898824E+002,-6.8571620E+001,-4.3649733E-002,-1.4339912E-006, 0.0000000E+000, 8.1444746E+001, 8.1996160E+001, 0.0000000E+000, 2.0901895E-002, 0.0000000E+000,-5.9575023E-001
 1.0550632E+002, 8.0097635E+002, 0.0000000E+000,-2.8733645E+002,-4.8994643E+002,-6.5566642E+001,-4.1383079E-002,-3.9518737E-006, 0.0000000E+000,-4.2420412E+001,-4.1914562E+001, 0.0000000E+000, 2.0901895E-002, 0.0000000E+000,-5.9590598E-001
 1.0600442E+002, 9.2348299E+002, 0.0000000E+000,-3.3041513E+002,-4.9786443E+002,-6.3192025E+001,-4.1698038E-002, 1.5264106E-005, 0.0000000E+000, 3.0774621E+001, 3.1969722E+001, 0.0000000E+000, 2.0901895E-002, 0.0000000E+000,-5.9542859E-001
 1.0650095E+002, 8.5571539E+002, 0.0000000E+000,-2.9445568E+002,-4.9090946E+002,-6.3668924E+001,-4.2194762E-002,-2.2488445E-005, 0.0000000E+000, 2.9904644E+000, 6.6391093E+000, 0.0000000E+000, 2.0901895E-002, 0.0000000E+000,-5.9612256E-001
 1.0700002E+002, 9.2810917E+002, 0.0000000E+000,-3.1888187E+002,-4.8646307E+002,-6.6944749E+001,-4.1022580E-002, 1.2457822E-005, 0.0000000E+000, 5.8267727E+001, 5.5778473E+001, 0.0000000E+000, 2.0901895E-002, 0.0000000E+000,-5.9568660E-001
 1.0750831E+002, 8.8679236E+002, 0.0000000E+000,-3.2148816E+002,-4.7656042E+002,-6.9362848E+001,-4.1132832E-002,-3.5096519E-005, 0.0000000E+000, 1.6261342E+001, 1.9339771E+001, 0.0000000E+000, 2.0901895E-002, 0.0000000E+000,-5.9680747E-001
 1.0800652E+002, 9.6233486E+002, 0.0000000E+000,-3.3325894E+002,-4.6747165E+002,-7.3589267E+001,-4.1890111E-002, 1.2309616E-005, 0.0000000E+000, 8.9938859E+001, 8.7973121E+001, 0.0000000E+000, 2.0901895E-002, 0.0000000E+000,-5.9644975E-001
 1.0850726E+002, 8.4165475E+002, 0.0000000E+000,-3.1616150E+002,-4.7261843E+002,-7.1269194E+001,-4.1017135E-002, 1.3989795E-005, 0.0000000E+000,-1.8650615E+001,-1.8435382E+001, 0.0000000E+000, 2.0901895E-002, 0.0000000E+000,-5.9595204E-001
 1.0900829E+002, 9.3292266E+002, 0.0000000E+000,-3.3574001E+002,-4.8276809E+002,-7.0054700E+001,-4.2954306E-002, 4.4584614E-006, 0.0000000E+000, 4.3464475E+001, 4.4316918E+001, 0.0000000E+000, 2.0901895E-002, 0.0000000E+000,-5.9585505E-001
 1.0950715E+002, 8.6331279E+002, 0.0000000E+000,-3.2313464E+002,-4.7969103E+002,-7.1988269E+001,-4.3235211E-002,-4.4448942E-006, 0.0000000E+000,-1.1972522E+001,-1.1544384E+001, 0.0000000E+000, 2.0901895E-002, 0.0000000E+000,-5.9596778E-001
 1.1000264E+002, 9.3413838E+002, 0.0000000E+000,-3.3678601E+002,-5.0959596E+002,-7.1101876E+001,-4.3810343E-002, 2.9402426E-006, 0.0000000E+000, 1.5929535E+001, 1.6610729E+001, 0.0000000E+000, 2.0901895E-002, 0.0000000E+000,-5.9591700E-001
 1.1050707E+002, 8.7910178E+002, 0.0000000E+000,-3.3506077E+002,-4.8424569E+002,-7.4493251E+001,-4.1993897E-002,-1.5410780E-005, 0.0000000E+000,-1.5333942E+001,-1.4739936E+001, 0.0000000E+000, 2.0901895E-002, 0.0000000E+000,-5.9637377E-001
 1.1100101E+002, 8.8898445E+002, 0.0000000E+000,-3.2701501E+002,-4.8054143E+002,-7.6003305E+001,-4.0677518E-002, 9.0959380E-006, 0.0000000E+000, 7.5599156E+000, 5.3840379E+000, 0.0000000E+000, 2.0901895E-002, 0.0000000E+000,-5.9608682E-001
 1.1150356E+002, 9.4988765E+002, 0.0000000E+000,-3.5218430E+002,-5.0320154E+002,-7.3187216E+001,-4.2402867E-002,-4.9805278E-006, 0.0000000E+000, 1.8901007E+001, 2.1272182E+001, 0.0000000E+000, 2.0901895E-002, 0.0000000E+000,-5.9616657E-001
 1.1200697E+002, 8.7026495E+002, 0.0000000E+000,-3.3521932E+002,-4.8332121E+002,-7.4700363E+001,-4.3207824E-002, 1.6777599E-006, 0.0000000E+000,-2.0876279E+001,-2.3019142E+001, 0.0000000E+000, 2.0901895E-002, 0.0000000E+000,-5.9616432E-001
 1.1250722E+002, 8.5152942E+002, 0.0000000E+000,-3.3880423E+002,-4.5972641E+002,-7.9652937E+001,-4.2972806E-002,-2.8641294E-005, 0.0000000E+000,-2.9516021E+001,-2.6697166E+001, 0.0000000E+000, 2.0901895E-002, 0.0000000E+000,-5.9710868E-001
 1.1300715E+002, 9.2257884E+002, 0.0000000E+000,-3.4530156E+002,-4.7384993E+002,-7.8690378E+001,-4.2493267E-002, 2.3475917E-005, 0.0000000E+000, 2.6780646E+001, 2.4694496E+001, 0.0000000E+000, 2.0901895E-002, 0.0000000E+000,-5.9636735E-001
 1.1350690E+002, 9.1789377E+002, 0.0000000E+000,-3.4966270E+002,-4.9801512E+002,-7.6179790E+001,-4.2670705E-002,-7.7686904E-007, 0.0000000E+000,-6.7663392E+000,-6.0065175E+000, 0.0000000E+000, 2.0901895E-002, 0.0000000E+000,-5.9635581E-001
 1.1400517E+002, 9.2342440E+002, 0.0000000E+000,-3.5002097E+002,-5.0602916E+002,-7.6115876E+001,-4.3456455E-002,-3.7046136E-007, 0.0000000E+000,-9.7659100E+000,-8.7850678E+000, 0.0000000E+000, 2.0901895E-002, 0.0000000E+000,-5.9637940E-001
 1.1450040E+002, 8.9739572E+002, 0.0000000E+000,-3.4109027E+002,-5.2998370E+002,-7.6870912E+001,-4.2810777E-002, 9.6810635E-007, 0.0000000E+000,-5.0397205E+001,-5.0591966E+001, 0.0000000E+000, 2.0901895E-002, 0.0000000E+000,-5.9635244E-001
 1.1500547E+002, 8.6275661E+002, 0.0000000E+000,-3.3526341E+002,-5.1718671E+002,-7.5356992E+001,-4.0921378E-002, 1.1855900E-005, 0.0000000E+000,-6.4344415E+001,-6.5091410E+001, 0.0000000E+000, 2.0901895E-002, 0.0000000E+000,-5.9593933E-001
 1.1550109E+002, 9.6691294E+002, 0.0000000E+000,-3.6008312E+002,-5.1451408E+002,-7.4871434E+001,-4.3305687E-002, 2.5512219E-006, 0.0000000E+000, 1.5498240E+001, 1.7400997E+001, 0.0000000E+000, 2.0901895E-002, 0.0000000E+000,-5.9589000E-001
 1.1600291E+002, 9.0813708E+002, 0.0000000E+000,-3.3688247E+002,-5.0962515E+002,-7.2004416E+001,-4.3679742E-002,-1.8447885E-005, 0.0000000E+000,-1.1408390E+001,-1.0418657E+001, 0.0000000E+000, 2.0901895E-002, 0.0000000E+000,-5.9655190E-001
 1.1650222E+002, 8.5303477E+002, 0.0000000E+000,-3.1654014E+002,-4.8890323E+002,-6.9140958E+001,-4.4026502E-002,-1.1380175E-005, 0.0000000E+000,-2.1652586E+001,-2.1593599E+001, 0.0000000E+000, 2.0901895E-002, 0.0000000E+000,-5.9683216E-001
 1.1700016E+002, 8.9483507E+002, 0.0000000E+000,-3.2731947E+002,-5.1511431E+002,-7.0742953E+001,-4.3594134E-002, 7.4224021E-006, 0.0000000E+000,-1.9850945E+001,-1.8385255E+001, 0.0000000E+000, 2.0901895E-002, 0.0000000E+000,-5.9658448E-001
 1.1750147E+002, 9.0924101E+002, 0.0000000E+000,-3.2826005E+002,-5.1136837E+002,-7.3802730E+001,-4.1679194E-002, 1.0703666E-005, 0.0000000E+000,-3.5335509E+000,-4.2318105E+000, 0.0000000E+000, 2.0901895E-002, 0.0000000E+000,-5.9627437E-001
 1.1800432E+002, 8.5984664E+002, 0.0000000E+000,-3.1211694E+002,-4.8727111E+002,-7.1826325E+001,-4.2247673E-002,-1.2201315E-005, 0.0000000E+000,-1.3000145E+001,-1.1409993E+001, 0.0000000E+000, 2.0901895E-002, 0.0000000E+000,-5.9665723E-001
 1.1850424E+002, 9.2995348E+002, 0.0000000E+000,-3.2735861E+002,-4.9579318E+002,-7.4094999E+001,-4.1797533E-002,-8.6679322E-006, 0.0000000E+000, 3.3220523E+001, 3.2664879E+001, 0.0000000E+000, 2.0901895E-002, 0.0000000E+000,-5.9689184E-001
 1.1900600E+002, 8.4228590E+002, 0.0000000E+000,-3.1636001E+002,-4.8056122E+002,-7.4419556E+001,-4.0301491E-002, 2.2375766E-005, 0.0000000E+000,-2.9079134E+001,-2.9095159E+001, 0.0000000E+000, 2.0901895E-002, 0.0000000E+000,-5.9622490E-001
 1.1950232E+002, 9.1767725E+002, 0.0000000E+000,-3.3096855E+002,-4.8464061E+002,-7.1118247E+001,-4.0975146E-002, 2.8463665E-005, 0.0000000E+000, 3.0443178E+001, 3.0908892E+001, 0.0000000E+000, 2.0901895E-002, 0.0000000E+000,-5.9532561E-001
 1.2000535E+002, 9.0119919E+002, 0.0000000E+000,-3.2350690E+002,-5.1035386E+002,-6.9445601E+001,-4.1873101E-002, 4.4539718E-006, 0.0000000E+000,-2.4067317E+000,-2.1490337E+000, 0.0000000E+000, 2.0901895E-002, 0.0000000E+000,-5.9524470E-001
 1.2050436E+002, 9.2336824E+002, 0.0000000E+000,-3.2585226E+002,-5.0896658E+002,-6.8955183E+001,-4.2999067E-002, 1.4811273E-006, 0.0000000E+000, 1.9514385E+001, 1.9551227E+001, 0.0000000E+000, 2.0901895E-002, 0.0000000E+000,-5.9516176E-001
 1.2100841E+002, 8.7734793E+002, 0.0000000E+000,-3.2635315E+002,-4.7021779E+002,-6.8342002E+001,-4.0768442E-002,-2.4777520E-005, 0.0000000E+000, 1.1865416E+001, 1.2394192E+001, 0.0000000E+000, 2.0901895E-002, 0.0000000E+000,-5.9592366E-001
 1.2150213E+002, 9.3351967E+002, 0.0000000E+000,-3.3419019E+002,-4.9497560E+002,-6.9589827E+001,-4.2053101E-002,-9.0070986E-006, 0.0000000E+000, 3.2461155E+001, 3.4721989E+001, 0.0000000E+000, 2.0901895E-002, 0.0000000E+000,-5.9624921E-001
 1.2200436E+002, 8.9642001E+002, 0.0000000E+000,-3.3142370E+002,-4.9638788E+002,-6.9338022E+001,-4.2127675E-002, 1.9603197E-005, 0.0000000E+000, 2.8374885E-001,-7.7170705E-001, 0.0000000E+000, 2.0901895E-002, 0.0000000E+000,-5.9562929E-001
 1.2250412E+002, 9.1670244E+002, 0.0000000E+000,-3.4159557E+002,-5.0272785E+002,-7.1164292E+001,-4.3017916E-002,-5.3700349E-006, 0.0000000E+000, 4.8216170E-001, 1.1717102E+000, 0.0000000E+000, 2.0901895E-002, 0.0000000E+000,-5.9577604E-001
 1.2300573E+002, 8.2328532E+002, 0.0000000E+000,-3.2115356E+002,-4.9594871E+002,-7.1800559E+001,-4.1708182E-002, 2.4941039E-006, 0.0000000E+000,-6.7303037E+001,-6.5659215E+001, 0.0000000E+000, 2.0901895E-002, 0.0000000E+000,-5.9570653E-001
 1.2350223E+002, 1.0051334E+003, 0.0000000E+000,-3.5289993E+002,-5.1439711E+002,-7.3414138E+001,-4.2394442E-002,-1.7139691E-005, 0.0000000E+000, 6.4883138E+001, 6.4379858E+001, 0.0000000E+000, 2.0901895E-002, 0.0000000E+000,-5.9615432E-001
 1.2400983E+002, 8.7128018E+002, 0.0000000E+000,-3.2368637E+002,-4.8670619E+002,-7.0651772E+001,-4.1363072E-002, 2.9000820E-005, 0.0000000E+000,-1.0626395E+001,-9.8054796E+000, 0.0000000E+000, 2.0901895E-002, 0.0000000E+000,-5.9534959E-001
 1.2450546E+002, 8.7653243E+002, 0.0000000E+000,-3.2229954E+002,-5.0601475E+002,-6.7119436E+001,-4.1902010E-002,-6.8438666E-006, 0.0000000E+000,-1.9505068E+001,-1.8943213E+001, 0.0000000E+000, 2.0901895E-002, 0.0000000E+000,-5.9550085E-001
 1.2500416E+002, 9.2221387E+002, 0.0000000E+000,-3.3553451E+002,-5.3896944E+002,-6.7223288E+001,-4.2556353E-002, 9.4083080E-006, 0.0000000E+000,-1.9987966E+001,-1.9555907E+001, 0.0000000E+000, 2.0901895E-002, 0.0000000E+000,-5.9524804E-001
 1.2550251E+002, 8.5815673E+002, 0.0000000E+000,-3.1637202E+002,-5.0303506E+002,-6.9543423E+001,-4.2412618E-002,-1.2935115E-005, 0.0000000E+000,-3.0226702E+001,-3.0836197E+001, 0.0000000E+000, 2.0901895E-002, 0.0000000E+000,-5.9562544E-001
 1.2600140E+002, 9.3134495E+002, 0.0000000E+000,-3.3578637E+002,-5.1450313E+002,-6.9142423E+001,-4.4012990E-002, 9.9558696E-006, 0.0000000E+000, 1.1288817E+001, 1.1869019E+001, 0.0000000E+000, 2.0901895E-002, 0.0000000E+000,-5.9534501E-001
 1.2650194E+002, 8.9584291E+002, 0.0000000E+000,-3.3181568E+002,-4.9625280E+002,-7.1214666E+001,-4.3392795E-002,-2.3814786E-005, 0.0000000E+000,-4.6365922E+000,-3.4836508E+000, 0.0000000E+000, 2.0901895E-002, 0.0000000E+000,-5.9612091E-001
 1.2700494E+002, 8.9370854E+002, 0.0000000E+000,-3.3310088E+002,-4.8470642E+002,-6.8731451E+001,-4.3436745E-002, 5.3382251E-006, 0.0000000E+000, 4.3475394E+000, 7.1263614E+000, 0.0000000E+000, 2.0901895E-002, 0.0000000E+000,-5.9597718E-001
 1.2750482E+002, 8.7074419E+002, 0.0000000E+000,-3.0660354E+002,-4.9715249E+002,-6.6504037E+001,-4.2267861E-002, 3.4810684E-005, 0.0000000E+000, 3.4242633E-001, 4.4188836E-001, 0.0000000E+000, 2.0901895E-002, 0.0000000E+000,-5.9483452E-001
 1.2800587E+002, 8.5312188E+002, 0.0000000E+000,-3.2583821E+002,-4.8256466E+002,-6.9361502E+001,-4.1887500E-002,-2.5727541E-005, 0.0000000E+000,-2.4840203E+001,-2.4684413E+001, 0.0000000E+000, 2.0901895E-002, 0.0000000E+000,-5.9560747E-001
 1.2850012E+002, 9.6025142E+002, 0.0000000E+000,-3.4881940E+002,-4.9642253E+002,-7.3218788E+001,-4.0855560E-002,-7.2601943E-006, 0.0000000E+000, 4.0990512E+001, 4.1749839E+001, 0.0000000E+000, 2.0901895E-002, 0.0000000E+000,-5.9585723E-001
 1.2900706E+002, 9.6050652E+002, 0.0000000E+000,-3.4266929E+002,-4.9194405E+002,-7.5174713E+001,-4.1239089E-002, 2.0070731E-005, 0.0000000E+000, 5.2427204E+001, 5.0677259E+001, 0.0000000E+000, 2.0901895E-002, 0.0000000E+000,-5.9522583E-001
 1.2950320E+002, 8.6347289E+002, 0.0000000E+000,-3.2149967E+002,-4.6908569E+002,-6.8277077E+001,-4.1220297E-002, 3.0206658E-006, 0.0000000E+000, 2.6859592E+000, 4.5692357E+000, 0.0000000E+000, 2.0901895E-002, 0.0000000E+000,-5.9514648E-001
 1.3000652E+002, 9.4416162E+002, 0.0000000E+000,-3.3545574E+002,-5.0343998E+002,-6.5400099E+001,-4.3722295E-002,-3.9756629E-006, 0.0000000E+000, 3.9079271E+001, 3.9822079E+001, 0.0000000E+000, 2.0901895E-002, 0.0000000E+000,-5.9523197E-001
 1.3050250E+002, 8.7416410E+002, 0.0000000E+000,-3.2242003E+002,-5.0282351E+002,-6.4049956E+001,-4.4268042E-002, 6.0611457E-008, 0.0000000E+000,-1.5050471E+001,-1.5173659E+001, 0.0000000E+000, 2.0901895E-002, 0.0000000E+000,-5.9528113E-001
 1.3100163E+002, 9.0407846E+002, 0.0000000E+000,-3.2305458E+002,-5.0748341E+002,-6.5766105E+001,-4.3317058E-002,-1.0275971E-005, 0.0000000E+000, 7.1748147E+000, 7.7310394E+000, 0.0000000E+000, 2.0901895E-002, 0.0000000E+000,-5.9557636E-001
 1.3150830E+002, 9.2292523E+002, 0.0000000E+000,-3.2360422E+002,-5.0362344E+002,-6.8844187E+001,-4.4081480E-002, 2.4740297E-005, 0.0000000E+000, 2.5028534E+001, 2.6809320E+001, 0.0000000E+000, 2.0901895E-002, 0.0000000E+000,-5.9481803E-001
 1.3200427E+002, 8.8919637E+002, 0.0000000E+000,-3.1339293E+002,-5.0320047E+002,-6.9133817E+001,-4.3527710E-002,-1.4919294E-005, 0.0000000E+000, 4.7241422E+000, 3.4256120E+000, 0.0000000E+000, 2.0901895E-002, 0.0000000E+000,-5.9528125E-001
 1.3250078E+002, 8.2720181E+002, 0.0000000E+000,-3.0289671E+002,-4.8689022E+002,-6.9133811E+001,-4.0915055E-002, 1.2712665E-005, 0.0000000E+000,-3.2164779E+001,-3.1759830E+001, 0.0000000E+000, 2.0901895E-002, 0.0000000E+000,-5.9492507E-001
 1.3300716E+002, 9.2268944E+002, 0.0000000E+000,-3.2996578E+002,-5.3937193E+002,-7.0288994E+001,-4.1930566E-002,-5.6751292E-006, 0.0000000E+000,-1.8406197E+001,-1.6979202E+001, 0.0000000E+000, 2.0901895E-002, 0.0000000E+000,-5.9504670E-001
 1.3350404E+002, 9.1065815E+002, 0.0000000E+000,-3.3351179E+002,-5.0478045E+002,-7.4797104E+001,-4.1961454E-002,-1.0756963E-005, 0.0000000E+000,-1.9896956E+000,-2.4731700E+000, 0.0000000E+000, 2.0901895E-002, 0.0000000E+000,-5.9536453E-001
 1.3400607E+002, 8.7125791E+002, 0.0000000E+000,-3.2465979E+002,-4.9886668E+002,-7.9542029E+001,-4.0610651E-002, 3.5136122E-006, 0.0000000E+000,-3.0398451E+001,-3.1851191E+001, 0.0000000E+000, 2.0901895E-002, 0.0000000E+000,-5.9529504E-001
 1.3450502E+002, 8.1440706E+002, 0.0000000E+000,-3.1256634E+002,-4.4931486E+002,-7.4260109E+001,-3.9422639E-002, 1.8190451E-005, 0.0000000E+000,-2.2848224E+001,-2.1773657E+001, 0.0000000E+000, 2.0901895E-002, 0.0000000E+000,-5.9472637E-001
 1.3500368E+002, 9.8267322E+002, 0.0000000E+000,-3.4250594E+002,-4.8755284E+002,-7.1942883E+001,-4.0951142E-002,-6.7172259E-006, 0.0000000E+000, 7.8639558E+001, 8.0630608E+001, 0.0000000E+000, 2.0901895E-002, 0.0000000E+000,-5.9490946E-001
 1.3550626E+002, 8.7534573E+002, 0.0000000E+000,-3.2961184E+002,-4.7348379E+002,-7.2902495E+001,-4.1416096E-002, 4.3899156E-006, 0.0000000E+000,-1.2441420E+000,-6.9380783E-001, 0.0000000E+000, 2.0901895E-002, 0.0000000E+000,-5.9482823E-001
 1.3600232E+002, 9.2766471E+002, 0.0000000E+000,-3.3886919E+002,-5.0199689E+002,-7.4488446E+001,-4.1376875E-002,-2.0520398E-005, 0.0000000E+000, 1.1097362E+001, 1.2268789E+001, 0.0000000E+000, 2.0901895E-002, 0.0000000E+000,-5.9541676E-001
 1.3650372E+002, 8.9476869E+002, 0.0000000E+000,-3.3007036E+002,-4.9442102E+002,-7.1630390E+001,-4.1374959E-002, 1.0551606E-005, 0.0000000E+000,-1.4725589E+000,-1.3944437E+000, 0.0000000E+000, 2.0901895E-002, 0.0000000E+000,-5.9506226E-001
 1.3700555E+002, 8.7388305E+002, 0.0000000E+000,-3.3818284E+002,-4.8832791E+002,-7.0916223E+001,-4.1193317E-002,-1.0311736E-005, 0.0000000E+000,-2.4504828E+001,-2.3585133E+001, 0.0000000E+000, 2.0901895E-002, 0.0000000E+000,-5.9538899E-001
 1.3750031E+002, 9.7876171E+002, 0.0000000E+000,-3.5316899E+002,-5.2157737E+002,-7.6973957E+001,-4.2796684E-002, 2.9674857E-005, 0.0000000E+000, 2.7781935E+001, 2.6998620E+001, 0.0000000E+000, 2.0901895E-002, 0.0000000E+000,-5.9450476E-001
 1.3800572E+002, 8.9751612E+002, 0.0000000E+000,-3.3746823E+002,-5.0817669E+002,-7.5696305E+001,-4.3035652E-002,-5.7102029E-006, 0.0000000E+000,-2.3770007E+001,-2.3868143E+001, 0.0000000E+000, 2.0901895E-002, 0.0000000E+000,-5.9470005E-001
 1.3850685E+002, 8.6890780E+002, 0.0000000E+000,-3.2935799E+002,-5.1160062E+002,-7.3699783E+001,-4.1777551E-002,-2.8987396E-005, 0.0000000E+000,-4.5304374E+001,-4.5792401E+001, 0.0000000E+000, 2.0901895E-002, 0.0000000E+000,-5.9559157E-001
 1.3900420E+002, 9.3149418E+002, 0.0000000E+000,-3.4103576E+002,-5.1347965E+002,-7.0285684E+001,-4.2324391E-002, 5.8947867E-005, 0.0000000E+000, 5.4540896E+000, 6.6508203E+000, 0.0000000E+000, 2.0901895E-002, 0.0000000E+000,-5.9377037E-001
 1.3950742E+002, 9.0030514E+002, 0.0000000E+000,-3.2030422E+002,-5.0053847E+002,-7.0116459E+001,-4.1556084E-002, 4.5463591E-007, 0.0000000E+000, 8.3585120E+000, 9.3044372E+000, 0.0000000E+000, 2.0901895E-002, 0.0000000E+000,-5.9377576E-001
 1.4000352E+002, 8.8204379E+002, 0.0000000E+000,-3.2543390E+002,-5.1073213E+002,-6.9185113E+001,-4.1863586E-002,-1.7556443E-005, 0.0000000E+000,-2.3753187E+001,-2.3349234E+001, 0.0000000E+000, 2.0901895E-002, 0.0000000E+000,-5.9425673E-001
 1.4050784E+002, 8.4085153E+002, 0.0000000E+000,-3.1555903E+002,-4.9423869E+002,-7.0641444E+001,-4.1197658E-002,-1.1675647E-005, 0.0000000E+000,-3.9496264E+001,-3.9628838E+001, 0.0000000E+000, 2.0901895E-002, 0.0000000E+000,-5.9467123E-001
 1.4100076E+002, 8.9142187E+002, 0.0000000E+000,-3.3492992E+002,-4.8735584E+002,-7.1786697E+001,-4.1482147E-002, 9.7061549E-006, 0.0000000E+000,-2.8946659E+000,-2.6920590E+000, 0.0000000E+000, 2.0901895E-002, 0.0000000E+000,-5.9435442E-001
 1.4150179E+002, 9.7758593E+002, 0.0000000E+000,-3.4651770E+002,-4.8902395E+002,-7.5393144E+001,-4.3623194E-002, 5.9684105E-007, 0.0000000E+000, 6.5563862E+001, 6.6607513E+001, 0.0000000E+000, 2.0901895E-002, 0.0000000E+000,-5.9432474E-001
 1.4200687E+002, 8.5675700E+002, 0.0000000E+000,-3.2595145E+002,-4.7971573E+002,-7.3943473E+001,-4.3186925E-002, 2.4990861E-005, 0.0000000E+000,-2.2713017E+001,-2.2896812E+001, 0.0000000E+000, 2.0901895E-002, 0.0000000E+000,-5.9352642E-001
 1.4250633E+002, 9.3104087E+002, 0.0000000E+000,-3.3546887E+002,-4.8658537E+002,-7.4602484E+001,-4.3293392E-002,-2.2529951E-005, 0.0000000E+000, 3.2980802E+001, 3.4340830E+001, 0.0000000E+000, 2.0901895E-002, 0.0000000E+000,-5.9427836E-001
 1.4300060E+002, 8.9138691E+002, 0.0000000E+000,-3.3620216E+002,-4.8457976E+002,-7.3802992E+001,-4.3695409E-002,-1.7531706E-006, 0.0000000E+000,-3.4410171E+000,-3.2416969E+000, 0.0000000E+000, 2.0901895E-002, 0.0000000E+000,-5.9430864E-001
 1.4350557E+002, 8.7556544E+002, 0.0000000E+000,-3.2859926E+002,-4.6347990E+002,-7.2880429E+001,-4.1376996E-002, 5.4837861E-006, 0.0000000E+000, 8.8225346E+000, 1.0564476E+001, 0.0000000E+000, 2.0901895E-002, 0.0000000E+000,-5.9410725E-001
 1.4400652E+002, 8.9657697E+002, 0.0000000E+000,-3.3327371E+002,-4.8313822E+002,-7.1435881E+001,-4.2623347E-002, 1.1093909E-005, 0.0000000E+000, 1.0474578E+001, 8.6865401E+000, 0.0000000E+000, 2.0901895E-002, 0.0000000E+000,-5.9380418E-001
 1.4450156E+002, 9.1106416E+002, 0.0000000E+000,-3.3751729E+002,-4.8197349E+002,-7.5666738E+001,-4.0734727E-002,-1.2979367E-005, 0.0000000E+000, 1.4202164E+001, 1.5865900E+001, 0.0000000E+000, 2.0901895E-002, 0.0000000E+000,-5.9418536E-001
 1.4500584E+002, 9.2494840E+002, 0.0000000E+000,-3.4747652E+002,-4.7853563E+002,-7.7041785E+001,-4.2860664E-002, 9.5041725E-006, 0.0000000E+000, 2.2160086E+001, 2.1851615E+001, 0.0000000E+000, 2.0901895E-002, 0.0000000E+000,-5.9390624E-001
 1.4550665E+002, 8.5946067E+002, 0.0000000E+000,-3.3568670E+002,-4.5341917E+002,-7.6238950E+001,-4.1658568E-002, 1.5735400E-005, 0.0000000E+000,-6.5843840E+000,-5.9257914E+000, 0.0000000E+000, 2.0901895E-002, 0.0000000E+000,-5.9343066E-001
 1.4600507E+002, 9.3840342E+002, 0.0000000E+000,-3.4666251E+002,-4.7902881E+002,-7.2326823E+001,-4.2421407E-002, 3.6321009E-006, 0.0000000E+000, 3.8965813E+001, 4.0342863E+001, 0.0000000E+000, 2.0901895E-002, 0.0000000E+000,-5.9328995E-001
 1.4650354E+002, 8.4706642E+002, 0.0000000E+000,-3.2276171E+002,-4.9696893E+002,-7.2752653E+001,-4.1146314E-002, 1.8056440E-005, 0.0000000E+000,-4.5401235E+001,-4.5457993E+001, 0.0000000E+000, 2.0901895E-002, 0.0000000E+000,-5.9275516E-001
 1.4700450E+002, 9.4540287E+002, 0.0000000E+000,-3.4878713E+002,-5.1196494E+002,-7.0687218E+001,-4.0900843E-002,-1.2774111E-005, 0.0000000E+000, 1.3365730E+001, 1.3922671E+001, 0.0000000E+000, 2.0901895E-002, 0.0000000E+000,-5.9313507E-001
 1.4750471E+002, 8.4286913E+002, 0.0000000E+000,-3.2347143E+002,-5.1534432E+002,-7.0626971E+001,-3.8752677E-002, 9.0018285E-006, 0.0000000E+000,-6.6978888E+001,-6.6612341E+001, 0.0000000E+000, 2.0901895E-002, 0.0000000E+000,-5.9291700E-001
 1.4800235E+002, 9.7173418E+002, 0.0000000E+000,-3.4612643E+002,-5.3301506E+002,-7.0223283E+001,-4.2069296E-002, 1.0639318E-005, 0.0000000E+000, 2.1244512E+001, 2.2327347E+001, 0.0000000E+000, 2.0901895E-002, 0.0000000E+000,-5.9255763E-001
 1.4850322E+002, 9.1994883E+002, 0.0000000E+000,-3.3090358E+002,-5.3510482E+002,-7.2325430E+001,-4.2235899E-002,-6.1062943E-006, 0.0000000E+000,-1.7100462E+001,-1.8427245E+001, 0.0000000E+000, 2.0901895E-002, 0.0000000E+000,-5.9274068E-001
 1.4900087E+002, 8.4702523E+002, 0.0000000E+000,-3.2378537E+002,-5.4791999E+002,-7.1204241E+001,-4.1965886E-002,-3.9116903E-006, 0.0000000E+000,-9.8993309E+001,-9.5926350E+001, 0.0000000E+000, 2.0901895E-002, 0.0000000E+000,-5.9280196E-001
 1.4950337E+002, 8.8904709E+002, 0.0000000E+000,-3.1548459E+002,-5.1978020E+002,-6.6338283E+001,-4.2343411E-002, 2.1770185E-005, 0.0000000E+000,-1.2793481E+001,-1.2598303E+001, 0.0000000E+000, 2.0901895E-002, 0.0000000E+000,-5.9215747E-001
 1.5000000E+002, 9.8268325E+002, 0.0000000E+000,-3.3805021E+002,-5.6282204E+002,-6.7288989E+001,-4.3847444E-002,-3.1096313E-005, 0.0000000E+000, 1.4988839E+001, 1.4478138E+001, 0.0000000E+000, 2.0901895E-002, 0.0000000E+000,-5.9308913E-001
